<?xml version="1.0" encoding="UTF-8"?><record_update sys_domain="global" table="sys_ui_module">
    <sys_ui_module action="INSERT_OR_UPDATE">
        <active>true</active>
        <application display_value="Hotel Booking Management">5528bf1153022200dd9e09da43dc34d8</application>
        <filter/>
        <name>Rooms</name>
        <order/>
        <path/>
        <path_relative_to_root>false</path_relative_to_root>
        <roles>sn_hbm_room_user</roles>
        <sys_class_name>sys_ui_module</sys_class_name>
        <sys_created_by>admin</sys_created_by>
        <sys_created_on>2016-09-23 11:19:44</sys_created_on>
        <sys_domain>global</sys_domain>
        <sys_domain_path>/</sys_domain_path>
        <sys_id>c689b35153022200dd9e09da43dc3442</sys_id>
        <sys_mod_count>0</sys_mod_count>
        <sys_name>Rooms</sys_name>
        <sys_package display_value="Hotel Booking Management" source="sn_hbm">d9777b1153022200dd9e09da43dc3440</sys_package>
        <sys_policy/>
        <sys_scope display_value="Hotel Booking Management">d9777b1153022200dd9e09da43dc3440</sys_scope>
        <sys_update_name>sys_ui_module_c689b35153022200dd9e09da43dc3442</sys_update_name>
        <sys_updated_by>admin</sys_updated_by>
        <sys_updated_on>2016-09-23 11:19:44</sys_updated_on>
        <table>sn_hbm_room</table>
        <uncancelable>false</uncancelable>
        <view_name/>
    </sys_ui_module>
</record_update>
