<?xml version="1.0" encoding="UTF-8"?><record_update sys_domain="global" table="sys_app_application">
    <sys_app_application action="INSERT_OR_UPDATE">
        <active>true</active>
        <category display_value="Custom Applications">e0355b31ef303000a61d5a3615c0fb78</category>
        <description/>
        <device_type>browser</device_type>
        <hint/>
        <name>Hotel Booking Management</name>
        <order>100</order>
        <roles>sn_hbm_hotel_user</roles>
        <sys_class_name>sys_app_application</sys_class_name>
        <sys_created_by>admin</sys_created_by>
        <sys_created_on>2016-09-23 11:13:41</sys_created_on>
        <sys_domain>global</sys_domain>
        <sys_domain_path>/</sys_domain_path>
        <sys_id>9d28bf1153022200dd9e09da43dc34d6</sys_id>
        <sys_mod_count>0</sys_mod_count>
        <sys_name>Hotel Booking Management</sys_name>
        <sys_overrides/>
        <sys_package display_value="Hotel Booking Management" source="sn_hbm">d9777b1153022200dd9e09da43dc3440</sys_package>
        <sys_policy/>
        <sys_scope display_value="Hotel Booking Management">d9777b1153022200dd9e09da43dc3440</sys_scope>
        <sys_update_name>sys_app_application_9d28bf1153022200dd9e09da43dc34d6</sys_update_name>
        <sys_updated_by>admin</sys_updated_by>
        <sys_updated_on>2016-09-23 11:13:41</sys_updated_on>
        <title>Hotel Booking Management</title>
        <view_name/>
    </sys_app_application>
</record_update>
