<?xml version="1.0" encoding="UTF-8"?><record_update table="sys_scope_privilege">
    <sys_scope_privilege action="INSERT_OR_UPDATE">
        <operation>execute</operation>
        <source_scope display_value="Hotel Booking Management">d9777b1153022200dd9e09da43dc3440</source_scope>
        <status>allowed</status>
        <sys_class_name>sys_scope_privilege</sys_class_name>
        <sys_created_by>admin</sys_created_by>
        <sys_created_on>2020-01-15 11:34:49</sys_created_on>
        <sys_id>6e17c2e24f5e0c10dc212f9ca310c7eb</sys_id>
        <sys_mod_count>0</sys_mod_count>
        <sys_name>ScopedGlideElement</sys_name>
        <sys_package display_value="Hotel Booking Management" source="sn_hbm">d9777b1153022200dd9e09da43dc3440</sys_package>
        <sys_policy/>
        <sys_scope display_value="Hotel Booking Management">d9777b1153022200dd9e09da43dc3440</sys_scope>
        <sys_update_name>sys_scope_privilege_6e17c2e24f5e0c10dc212f9ca310c7eb</sys_update_name>
        <sys_updated_by>admin</sys_updated_by>
        <sys_updated_on>2020-01-15 11:34:49</sys_updated_on>
        <target_name>ScopedGlideElement</target_name>
        <target_scope display_value="Global">global</target_scope>
        <target_type>scriptable</target_type>
    </sys_scope_privilege>
</record_update>
