<?xml version="1.0" encoding="UTF-8"?><record_update sys_domain="global" table="sys_script">
    <sys_script action="INSERT_OR_UPDATE">
        <abort_action>false</abort_action>
        <access>package_private</access>
        <action_delete>false</action_delete>
        <action_insert>true</action_insert>
        <action_query>false</action_query>
        <action_update>true</action_update>
        <active>true</active>
        <add_message>false</add_message>
        <advanced>true</advanced>
        <change_fields>false</change_fields>
        <client_callable>false</client_callable>
        <collection>sn_hbm_booking</collection>
        <condition/>
        <description/>
        <execute_function>false</execute_function>
        <filter_condition table="sn_hbm_booking">guestVALCHANGES^ORhotelVALCHANGES^ORcheckin_dateVALCHANGES^ORcheckout_dateVALCHANGES^EQ<item endquery="false" field="guest" goto="false" newquery="false" operator="VALCHANGES" or="false" value=""/>
            <item endquery="false" field="hotel" goto="false" newquery="false" operator="VALCHANGES" or="true" value=""/>
            <item endquery="false" field="checkin_date" goto="false" newquery="false" operator="VALCHANGES" or="true" value=""/>
            <item endquery="false" field="checkout_date" goto="false" newquery="false" operator="VALCHANGES" or="true" value=""/>
            <item endquery="true" field="" goto="false" newquery="false" operator="=" or="false" value=""/>
        </filter_condition>
        <is_rest>false</is_rest>
        <message/>
        <name>Set booking name</name>
        <order>100</order>
        <priority>100</priority>
        <rest_method/>
        <rest_method_text/>
        <rest_service/>
        <rest_service_text/>
        <rest_variables/>
        <role_conditions/>
        <script><![CDATA[(function executeRule(current, previous /*null when async*/) {

	current.name = current.getDisplayValue('guest') + ' - ' + current.getDisplayValue('hotel') + ' - ' + current.checkin_date + ' - ' + current.checkout_date;

})(current, previous);]]></script>
        <sys_class_name>sys_script</sys_class_name>
        <sys_created_by>admin</sys_created_by>
        <sys_created_on>2016-09-23 13:55:55</sys_created_on>
        <sys_domain>global</sys_domain>
        <sys_domain_path>/</sys_domain_path>
        <sys_id>f38c98e153022200dd9e09da43dc344c</sys_id>
        <sys_mod_count>2</sys_mod_count>
        <sys_name>Set booking name</sys_name>
        <sys_overrides/>
        <sys_package display_value="Hotel Booking Management" source="sn_hbm">d9777b1153022200dd9e09da43dc3440</sys_package>
        <sys_policy/>
        <sys_scope display_value="Hotel Booking Management">d9777b1153022200dd9e09da43dc3440</sys_scope>
        <sys_update_name>sys_script_f38c98e153022200dd9e09da43dc344c</sys_update_name>
        <sys_updated_by>admin</sys_updated_by>
        <sys_updated_on>2016-09-23 13:58:13</sys_updated_on>
        <template/>
        <when>before</when>
    </sys_script>
    <sys_translated_text action="delete_multiple" query="documentkey=f38c98e153022200dd9e09da43dc344c"/>
</record_update>
