<?xml version="1.0" encoding="UTF-8"?><record_update>
    <sys_ui_related sys_domain="global" table="sn_hbm_room" version="2" view="">
        <sys_ui_related_list_entry action="INSERT_OR_UPDATE">
            <filter/>
            <list_id display_value="Room - Default view" name="sn_hbm_room" related_list="NULL" sys_domain="global" view="Default view">66b418a153022200dd9e09da43dc34a2</list_id>
            <order_by/>
            <position>0</position>
            <related_list>sn_hbm_booking_room.room</related_list>
            <sys_class_name>sys_ui_related_list_entry</sys_class_name>
            <sys_created_by>admin</sys_created_by>
            <sys_created_on>2016-09-23 13:18:34</sys_created_on>
            <sys_id>aab418a153022200dd9e09da43dc34a2</sys_id>
            <sys_mod_count>0</sys_mod_count>
            <sys_updated_by>admin</sys_updated_by>
            <sys_updated_on>2016-09-23 13:18:34</sys_updated_on>
        </sys_ui_related_list_entry>
        <sys_ui_related_list action="INSERT_OR_UPDATE">
            <calculated_name>Room - Default view</calculated_name>
            <filter/>
            <name>sn_hbm_room</name>
            <order_by/>
            <position/>
            <related_list/>
            <sys_class_name>sys_ui_related_list</sys_class_name>
            <sys_created_by>admin</sys_created_by>
            <sys_created_on>2016-09-23 13:18:34</sys_created_on>
            <sys_domain>global</sys_domain>
            <sys_domain_path>/</sys_domain_path>
            <sys_id>66b418a153022200dd9e09da43dc34a2</sys_id>
            <sys_mod_count>0</sys_mod_count>
            <sys_name>Room - Default view</sys_name>
            <sys_package display_value="Hotel Booking Management" source="sn_hbm">d9777b1153022200dd9e09da43dc3440</sys_package>
            <sys_policy/>
            <sys_scope display_value="Hotel Booking Management">d9777b1153022200dd9e09da43dc3440</sys_scope>
            <sys_update_name>sys_ui_related_sn_hbm_room_null</sys_update_name>
            <sys_updated_by>admin</sys_updated_by>
            <sys_updated_on>2016-09-23 13:18:34</sys_updated_on>
            <sys_user/>
            <view display_value="Default view" name="NULL">Default view</view>
            <view_name/>
        </sys_ui_related_list>
    </sys_ui_related>
</record_update>
