<?xml version="1.0" encoding="UTF-8"?><record_update table="sys_m2m">
    <sys_m2m action="INSERT_OR_UPDATE">
        <from_table>sn_hbm_hotel</from_table>
        <m2m_from_field>hotel</m2m_from_field>
        <m2m_from_label>Hotel Service</m2m_from_label>
        <m2m_table>sn_hbm_m2m_hotel_service_hotel</m2m_table>
        <m2m_to_field>hotel_service</m2m_to_field>
        <m2m_to_label>Hotel</m2m_to_label>
        <sys_class_name>sys_m2m</sys_class_name>
        <sys_created_by>admin</sys_created_by>
        <sys_created_on>2016-09-23 11:22:40</sys_created_on>
        <sys_id>420a375153022200dd9e09da43dc34bc</sys_id>
        <sys_mod_count>0</sys_mod_count>
        <sys_name>sn_hbm_m2m_hotel_service_hotel</sys_name>
        <sys_package display_value="Hotel Booking Management" source="sn_hbm">d9777b1153022200dd9e09da43dc3440</sys_package>
        <sys_policy/>
        <sys_scope display_value="Hotel Booking Management">d9777b1153022200dd9e09da43dc3440</sys_scope>
        <sys_update_name>sys_m2m_420a375153022200dd9e09da43dc34bc</sys_update_name>
        <sys_updated_by>admin</sys_updated_by>
        <sys_updated_on>2016-09-23 11:22:40</sys_updated_on>
        <to_table>sn_hbm_hotel_service</to_table>
    </sys_m2m>
</record_update>
