<?xml version="1.0" encoding="UTF-8"?><record_update table="sys_embedded_help_role">
    <sys_embedded_help_role action="INSERT_OR_UPDATE">
        <order>100</order>
        <role display_value="sn_hbm.hotel_manager" name="sn_hbm.hotel_manager">9a65ca6e4f1e0c10dc212f9ca310c713</role>
        <sys_class_name>sys_embedded_help_role</sys_class_name>
        <sys_created_by>admin</sys_created_by>
        <sys_created_on>2020-01-15 11:27:42</sys_created_on>
        <sys_id>2a758eae4f1e0c10dc212f9ca310c7c9</sys_id>
        <sys_mod_count>0</sys_mod_count>
        <sys_name>9a65ca6e4f1e0c10dc212f9ca310c713</sys_name>
        <sys_package display_value="Hotel Booking Management" source="sn_hbm">d9777b1153022200dd9e09da43dc3440</sys_package>
        <sys_policy/>
        <sys_scope display_value="Hotel Booking Management">d9777b1153022200dd9e09da43dc3440</sys_scope>
        <sys_update_name>sys_embedded_help_role_2a758eae4f1e0c10dc212f9ca310c7c9</sys_update_name>
        <sys_updated_by>admin</sys_updated_by>
        <sys_updated_on>2020-01-15 11:27:42</sys_updated_on>
    </sys_embedded_help_role>
</record_update>
