<?xml version="1.0" encoding="UTF-8"?><record_update sys_domain="global" table="sys_app_module">
    <sys_app_module action="INSERT_OR_UPDATE">
        <active>true</active>
        <application display_value="Hotel Booking Management">9d28bf1153022200dd9e09da43dc34d6</application>
        <assessment/>
        <content_page/>
        <device_type/>
        <filter/>
        <hint/>
        <homepage/>
        <image/>
        <link_type>SEPARATOR</link_type>
        <map_page/>
        <mobile_title>Bookings</mobile_title>
        <mobile_view_name>Mobile</mobile_view_name>
        <name/>
        <order>400</order>
        <override_menu_roles>false</override_menu_roles>
        <query/>
        <report/>
        <roles/>
        <sys_class_name>sys_app_module</sys_class_name>
        <sys_created_by>admin</sys_created_by>
        <sys_created_on>2016-09-23 14:33:45</sys_created_on>
        <sys_domain>global</sys_domain>
        <sys_domain_path>/</sys_domain_path>
        <sys_id>cbd52c2553022200dd9e09da43dc3412</sys_id>
        <sys_mod_count>0</sys_mod_count>
        <sys_name>Bookings</sys_name>
        <sys_overrides/>
        <sys_package display_value="Hotel Booking Management" source="sn_hbm">d9777b1153022200dd9e09da43dc3440</sys_package>
        <sys_policy/>
        <sys_scope display_value="Hotel Booking Management">d9777b1153022200dd9e09da43dc3440</sys_scope>
        <sys_update_name>sys_app_module_cbd52c2553022200dd9e09da43dc3412</sys_update_name>
        <sys_updated_by>admin</sys_updated_by>
        <sys_updated_on>2016-09-23 14:33:45</sys_updated_on>
        <timeline_page/>
        <title>Bookings</title>
        <uncancelable>false</uncancelable>
        <view_name/>
        <window_name/>
    </sys_app_module>
</record_update>
