<?xml version="1.0" encoding="UTF-8"?><record_update table="sys_db_object">
    <sys_db_object action="INSERT_OR_UPDATE">
        <access/>
        <actions_access>true</actions_access>
        <alter_access>true</alter_access>
        <caller_access/>
        <client_scripts_access>true</client_scripts_access>
        <configuration_access>false</configuration_access>
        <create_access>true</create_access>
        <create_access_controls>false</create_access_controls>
        <delete_access>false</delete_access>
        <extension_model/>
        <is_extendable>false</is_extendable>
        <label>Sn Hbm M2m Room Feature Room Type</label>
        <live_feed_enabled>false</live_feed_enabled>
        <name>sn_hbm_m2m_room_feature_room_type</name>
        <number_ref/>
        <provider_class/>
        <read_access>true</read_access>
        <scriptable_table>false</scriptable_table>
        <super_class/>
        <sys_class_code/>
        <sys_class_name>sys_db_object</sys_class_name>
        <sys_class_path/>
        <sys_created_by>admin</sys_created_by>
        <sys_created_on>2016-09-23 11:27:31</sys_created_on>
        <sys_id>805b7f5153022200dd9e09da43dc3414</sys_id>
        <sys_mod_count>0</sys_mod_count>
        <sys_name>Sn Hbm M2m Room Feature Room Type</sys_name>
        <sys_package display_value="Hotel Booking Management" source="sn_hbm">d9777b1153022200dd9e09da43dc3440</sys_package>
        <sys_policy/>
        <sys_scope display_value="Hotel Booking Management">d9777b1153022200dd9e09da43dc3440</sys_scope>
        <sys_update_name>sys_db_object_805b7f5153022200dd9e09da43dc3414</sys_update_name>
        <sys_updated_by>admin</sys_updated_by>
        <sys_updated_on>2016-09-23 11:27:31</sys_updated_on>
        <update_access>true</update_access>
        <user_role/>
        <ws_access>true</ws_access>
    </sys_db_object>
</record_update>
