<?xml version="1.0" encoding="UTF-8"?><record_update>
    <sys_ui_section caption="" section_id="dd7710e153022200dd9e09da43dc3493" sys_domain="global" table="sn_hbm_booking" version="3" view="">
        <sys_ui_element action="INSERT_OR_UPDATE">
            <element>.begin_split</element>
            <position>0</position>
            <sys_created_by>admin</sys_created_by>
            <sys_created_on>2016-09-23 13:32:11</sys_created_on>
            <sys_id>1ad790e153022200dd9e09da43dc34a0</sys_id>
            <sys_mod_count>0</sys_mod_count>
            <sys_ui_formatter/>
            <sys_ui_section caption="NULL" display_value="" name="sn_hbm_booking" sys_domain="global" view="Default view">dd7710e153022200dd9e09da43dc3493</sys_ui_section>
            <sys_updated_by>admin</sys_updated_by>
            <sys_updated_on>2016-09-23 13:32:11</sys_updated_on>
            <sys_user/>
            <type>.begin_split</type>
        </sys_ui_element>
        <sys_ui_element action="INSERT_OR_UPDATE">
            <element>guest</element>
            <position>1</position>
            <sys_created_by>admin</sys_created_by>
            <sys_created_on>2016-09-23 13:32:11</sys_created_on>
            <sys_id>9ad790e153022200dd9e09da43dc34a0</sys_id>
            <sys_mod_count>0</sys_mod_count>
            <sys_ui_formatter/>
            <sys_ui_section caption="NULL" display_value="" name="sn_hbm_booking" sys_domain="global" view="Default view">dd7710e153022200dd9e09da43dc3493</sys_ui_section>
            <sys_updated_by>admin</sys_updated_by>
            <sys_updated_on>2016-09-23 13:32:11</sys_updated_on>
            <sys_user/>
            <type/>
        </sys_ui_element>
        <sys_ui_element action="INSERT_OR_UPDATE">
            <element>booking_date</element>
            <position>2</position>
            <sys_created_by>admin</sys_created_by>
            <sys_created_on>2016-09-23 13:32:11</sys_created_on>
            <sys_id>1ed790e153022200dd9e09da43dc34a0</sys_id>
            <sys_mod_count>0</sys_mod_count>
            <sys_ui_formatter/>
            <sys_ui_section caption="NULL" display_value="" name="sn_hbm_booking" sys_domain="global" view="Default view">dd7710e153022200dd9e09da43dc3493</sys_ui_section>
            <sys_updated_by>admin</sys_updated_by>
            <sys_updated_on>2016-09-23 13:32:11</sys_updated_on>
            <sys_user/>
            <type/>
        </sys_ui_element>
        <sys_ui_element action="INSERT_OR_UPDATE">
            <element>checkin_date</element>
            <position>3</position>
            <sys_created_by>admin</sys_created_by>
            <sys_created_on>2016-09-23 13:32:11</sys_created_on>
            <sys_id>9ed790e153022200dd9e09da43dc34a0</sys_id>
            <sys_mod_count>0</sys_mod_count>
            <sys_ui_formatter/>
            <sys_ui_section caption="NULL" display_value="" name="sn_hbm_booking" sys_domain="global" view="Default view">dd7710e153022200dd9e09da43dc3493</sys_ui_section>
            <sys_updated_by>admin</sys_updated_by>
            <sys_updated_on>2016-09-23 13:32:11</sys_updated_on>
            <sys_user/>
            <type/>
        </sys_ui_element>
        <sys_ui_element action="INSERT_OR_UPDATE">
            <element>checkout_date</element>
            <position>4</position>
            <sys_created_by>admin</sys_created_by>
            <sys_created_on>2016-09-23 13:32:11</sys_created_on>
            <sys_id>12d790e153022200dd9e09da43dc34a1</sys_id>
            <sys_mod_count>0</sys_mod_count>
            <sys_ui_formatter/>
            <sys_ui_section caption="NULL" display_value="" name="sn_hbm_booking" sys_domain="global" view="Default view">dd7710e153022200dd9e09da43dc3493</sys_ui_section>
            <sys_updated_by>admin</sys_updated_by>
            <sys_updated_on>2016-09-23 13:32:11</sys_updated_on>
            <sys_user/>
            <type/>
        </sys_ui_element>
        <sys_ui_element action="INSERT_OR_UPDATE">
            <element>number_of_nights</element>
            <position>5</position>
            <sys_created_by>admin</sys_created_by>
            <sys_created_on>2016-09-23 13:32:11</sys_created_on>
            <sys_id>92d790e153022200dd9e09da43dc34a1</sys_id>
            <sys_mod_count>0</sys_mod_count>
            <sys_ui_formatter/>
            <sys_ui_section caption="NULL" display_value="" name="sn_hbm_booking" sys_domain="global" view="Default view">dd7710e153022200dd9e09da43dc3493</sys_ui_section>
            <sys_updated_by>admin</sys_updated_by>
            <sys_updated_on>2016-09-23 13:32:11</sys_updated_on>
            <sys_user/>
            <type/>
        </sys_ui_element>
        <sys_ui_element action="INSERT_OR_UPDATE">
            <element>.split</element>
            <position>6</position>
            <sys_created_by>admin</sys_created_by>
            <sys_created_on>2016-09-23 13:32:11</sys_created_on>
            <sys_id>16d790e153022200dd9e09da43dc34a1</sys_id>
            <sys_mod_count>0</sys_mod_count>
            <sys_ui_formatter/>
            <sys_ui_section caption="NULL" display_value="" name="sn_hbm_booking" sys_domain="global" view="Default view">dd7710e153022200dd9e09da43dc3493</sys_ui_section>
            <sys_updated_by>admin</sys_updated_by>
            <sys_updated_on>2016-09-23 13:32:11</sys_updated_on>
            <sys_user/>
            <type>.split</type>
        </sys_ui_element>
        <sys_ui_element action="INSERT_OR_UPDATE">
            <element>total_cost</element>
            <position>7</position>
            <sys_created_by>admin</sys_created_by>
            <sys_created_on>2016-09-23 13:32:11</sys_created_on>
            <sys_id>96d790e153022200dd9e09da43dc34a1</sys_id>
            <sys_mod_count>0</sys_mod_count>
            <sys_ui_formatter/>
            <sys_ui_section caption="NULL" display_value="" name="sn_hbm_booking" sys_domain="global" view="Default view">dd7710e153022200dd9e09da43dc3493</sys_ui_section>
            <sys_updated_by>admin</sys_updated_by>
            <sys_updated_on>2016-09-23 13:32:11</sys_updated_on>
            <sys_user/>
            <type/>
        </sys_ui_element>
        <sys_ui_element action="INSERT_OR_UPDATE">
            <element>total_payment</element>
            <position>8</position>
            <sys_created_by>admin</sys_created_by>
            <sys_created_on>2016-09-23 13:32:11</sys_created_on>
            <sys_id>1ad790e153022200dd9e09da43dc34a1</sys_id>
            <sys_mod_count>0</sys_mod_count>
            <sys_ui_formatter/>
            <sys_ui_section caption="NULL" display_value="" name="sn_hbm_booking" sys_domain="global" view="Default view">dd7710e153022200dd9e09da43dc3493</sys_ui_section>
            <sys_updated_by>admin</sys_updated_by>
            <sys_updated_on>2016-09-23 13:32:11</sys_updated_on>
            <sys_user/>
            <type/>
        </sys_ui_element>
        <sys_ui_element action="INSERT_OR_UPDATE">
            <element>payment_due</element>
            <position>9</position>
            <sys_created_by>admin</sys_created_by>
            <sys_created_on>2016-09-23 13:32:11</sys_created_on>
            <sys_id>9ad790e153022200dd9e09da43dc34a1</sys_id>
            <sys_mod_count>0</sys_mod_count>
            <sys_ui_formatter/>
            <sys_ui_section caption="NULL" display_value="" name="sn_hbm_booking" sys_domain="global" view="Default view">dd7710e153022200dd9e09da43dc3493</sys_ui_section>
            <sys_updated_by>admin</sys_updated_by>
            <sys_updated_on>2016-09-23 13:32:11</sys_updated_on>
            <sys_user/>
            <type/>
        </sys_ui_element>
        <sys_ui_element action="INSERT_OR_UPDATE">
            <element>.end_split</element>
            <position>10</position>
            <sys_created_by>admin</sys_created_by>
            <sys_created_on>2016-09-23 13:32:11</sys_created_on>
            <sys_id>1ed790e153022200dd9e09da43dc34a1</sys_id>
            <sys_mod_count>0</sys_mod_count>
            <sys_ui_formatter/>
            <sys_ui_section caption="NULL" display_value="" name="sn_hbm_booking" sys_domain="global" view="Default view">dd7710e153022200dd9e09da43dc3493</sys_ui_section>
            <sys_updated_by>admin</sys_updated_by>
            <sys_updated_on>2016-09-23 13:32:11</sys_updated_on>
            <sys_user/>
            <type>.end_split</type>
        </sys_ui_element>
        <sys_ui_element action="INSERT_OR_UPDATE">
            <element>hotel</element>
            <position>11</position>
            <sys_created_by>admin</sys_created_by>
            <sys_created_on>2016-09-23 13:51:31</sys_created_on>
            <sys_id>554c90e153022200dd9e09da43dc34cf</sys_id>
            <sys_mod_count>0</sys_mod_count>
            <sys_ui_formatter/>
            <sys_ui_section caption="NULL" display_value="" name="sn_hbm_booking" sys_domain="global" view="Default view">dd7710e153022200dd9e09da43dc3493</sys_ui_section>
            <sys_updated_by>admin</sys_updated_by>
            <sys_updated_on>2016-09-23 13:51:31</sys_updated_on>
            <sys_user/>
            <type/>
        </sys_ui_element>
        <sys_ui_element action="INSERT_OR_UPDATE">
            <element>state</element>
            <position>12</position>
            <sys_created_by>admin</sys_created_by>
            <sys_created_on>2020-01-15 11:28:26</sys_created_on>
            <sys_id>51a5c2ee4f1e0c10dc212f9ca310c711</sys_id>
            <sys_mod_count>0</sys_mod_count>
            <sys_ui_formatter/>
            <sys_ui_section caption="NULL" display_value="" name="sn_hbm_booking" sys_domain="global" view="Default view">dd7710e153022200dd9e09da43dc3493</sys_ui_section>
            <sys_updated_by>admin</sys_updated_by>
            <sys_updated_on>2020-01-15 11:28:26</sys_updated_on>
            <sys_user/>
            <type/>
        </sys_ui_element>
        <sys_ui_section action="INSERT_OR_UPDATE">
            <caption/>
            <header>false</header>
            <name>sn_hbm_booking</name>
            <roles/>
            <sys_class_name>sys_ui_section</sys_class_name>
            <sys_created_by>admin</sys_created_by>
            <sys_created_on>2016-09-23 13:30:29</sys_created_on>
            <sys_domain>global</sys_domain>
            <sys_domain_path>/</sys_domain_path>
            <sys_id>dd7710e153022200dd9e09da43dc3493</sys_id>
            <sys_mod_count>0</sys_mod_count>
            <sys_name>sn_hbm_booking</sys_name>
            <sys_overrides/>
            <sys_package display_value="Hotel Booking Management" source="sn_hbm">d9777b1153022200dd9e09da43dc3440</sys_package>
            <sys_policy/>
            <sys_scope display_value="Hotel Booking Management">d9777b1153022200dd9e09da43dc3440</sys_scope>
            <sys_update_name>sys_ui_section_dd7710e153022200dd9e09da43dc3493</sys_update_name>
            <sys_updated_by>admin</sys_updated_by>
            <sys_updated_on>2016-09-23 13:30:29</sys_updated_on>
            <sys_user/>
            <title>true</title>
            <view display_value="Default view" name="NULL">Default view</view>
            <view_name/>
        </sys_ui_section>
    </sys_ui_section>
</record_update>
