<?xml version="1.0" encoding="UTF-8"?><record_update>
    <sys_documentation element="" label="Sn Hbm M2m Hotel Service Hotel" language="en" table="sn_hbm_m2m_hotel_service_hotel">
        <sys_documentation action="INSERT_OR_UPDATE">
            <element/>
            <help/>
            <hint/>
            <label>Sn Hbm M2m Hotel Service Hotel</label>
            <language>en</language>
            <name>sn_hbm_m2m_hotel_service_hotel</name>
            <plural>Sn Hbm M2m Hotel Service Hotels</plural>
            <sys_class_name>sys_documentation</sys_class_name>
            <sys_created_by>admin</sys_created_by>
            <sys_created_on>2016-09-23 11:22:40</sys_created_on>
            <sys_id>83254e2e4f1e0c10dc212f9ca310c7b0</sys_id>
            <sys_mod_count>0</sys_mod_count>
            <sys_name>Sn Hbm M2m Hotel Service Hotel</sys_name>
            <sys_package display_value="Hotel Booking Management" source="sn_hbm">d9777b1153022200dd9e09da43dc3440</sys_package>
            <sys_policy/>
            <sys_scope display_value="Hotel Booking Management">d9777b1153022200dd9e09da43dc3440</sys_scope>
            <sys_update_name>sys_documentation_sn_hbm_m2m_hotel_service_hotel__en</sys_update_name>
            <sys_updated_by>admin</sys_updated_by>
            <sys_updated_on>2016-09-23 11:22:40</sys_updated_on>
            <url/>
            <url_target/>
        </sys_documentation>
    </sys_documentation>
</record_update>
