<?xml version="1.0" encoding="UTF-8"?><record_update sys_domain="global" table="sys_embedded_help_content">
    <sys_embedded_help_content action="INSERT_OR_UPDATE">
        <active>true</active>
        <category>reporting</category>
        <content><![CDATA[ <h1 class="title topictitle1">Reports list</h1>   <div class="body conbody">    <p class="p">The Reports page shows a platform list of all the reports in your instance. To mark a report      as a favorite, click the star icon beside the report title.</p>  <p class="p">Select the gear icon next to the <span class="ph uicontrol">Create a report</span> button to configure the   columns displayed in the Reports list.</p>  <p class="p"><span class="ph">Click the column headers to search, sort, filter, and    edit data. </span></p>  <p class="p">Click <span class="ph uicontrol">New</span> to create a new report.</p>  <div class="p" id="report_home-normal__p_vft_jnv_vy">You can filter the Reports list with the following tabs:<ul class="ul" id="report_home-normal__ul_ejh_m2v_cz"><li class="li">My reports — <span class="ph">Reports that you created.</span></li><li class="li">Group — <span class="ph">Reports that have been shared with you and with the                    groups that you are a member of. </span></li><li class="li">Global —<span class="ph">Reports that are available to everyone.</span></li><li class="li">All — <span class="ph">All reports that you have access to (Global, Group,                    and My reports).</span></li></ul></div>  <p class="p">The <span class="ph uicontrol">Type</span> column shows an icon with the report type. Point to the icon      for information about the report.</p>  <p class="p">The <span class="ph uicontrol">Title</span> column shows the name assigned to the report. The        <span class="ph uicontrol">Table</span> column shows the table on which the report is based. The        <span class="ph uicontrol">Scheduled</span> column shows a check mark if the report has been scheduled      for distribution. The <span class="ph uicontrol">Published</span> column shows a check mark if the report      is published to a URL.</p> </div>  <div class="related-links"><div class="relinfo"><div class="reltitle">Related information<br /><div><a class="link" href="https://docs.servicenow.com/?context&#61;CSHelp:Report-Types-RD&amp;version&#61;kingston" target="_blank">Report types and creation details — Report Designer</a></div><div><a class="link" href="https://docs.servicenow.com/?context&#61;CSHelp:Report-Types-RB&amp;version&#61;kingston" target="_blank">Report types and creation details — Report Builder</a></div></div></div></div>]]></content>
        <last_sync>2018-10-12 08:06:46</last_sync>
        <modifier>normal</modifier>
        <name>report_home-normal</name>
        <page>report_home</page>
        <product>1</product>
        <qualifier/>
        <role/>
        <role_order>1000</role_order>
        <snc_created>true</snc_created>
        <sys_class_name>sys_embedded_help_content</sys_class_name>
        <sys_created_by>system</sys_created_by>
        <sys_created_on>2018-03-26 14:59:07</sys_created_on>
        <sys_domain>global</sys_domain>
        <sys_domain_path>/</sys_domain_path>
        <sys_id>dc9cf3864f05d300b2b48c318110c751</sys_id>
        <sys_mod_count>3</sys_mod_count>
        <sys_name>report_home-normal</sys_name>
        <sys_package display_value="Hotel Booking Management" source="sn_hbm">d9777b1153022200dd9e09da43dc3440</sys_package>
        <sys_policy/>
        <sys_scope display_value="Hotel Booking Management">d9777b1153022200dd9e09da43dc3440</sys_scope>
        <sys_update_name>sys_embedded_help_content_dc9cf3864f05d300b2b48c318110c751</sys_update_name>
        <sys_updated_by>system</sys_updated_by>
        <sys_updated_on>2018-10-12 08:06:46</sys_updated_on>
        <version>k</version>
    </sys_embedded_help_content>
    <sys_translated_text action="delete_multiple" query="documentkey=dc9cf3864f05d300b2b48c318110c751"/>
</record_update>
