<?xml version="1.0" encoding="UTF-8"?><record_update>
    <sys_ui_section caption="" section_id="a6565ca153022200dd9e09da43dc3436" sys_domain="global" table="sn_hbm_hotel_service" version="3" view="">
        <sys_ui_element action="INSERT_OR_UPDATE">
            <element>.begin_split</element>
            <position>0</position>
            <sys_created_by>admin</sys_created_by>
            <sys_created_on>2016-09-23 13:27:19</sys_created_on>
            <sys_id>83b69ca153022200dd9e09da43dc34b2</sys_id>
            <sys_mod_count>0</sys_mod_count>
            <sys_ui_formatter/>
            <sys_ui_section caption="NULL" display_value="" name="sn_hbm_hotel_service" sys_domain="global" view="Default view">a6565ca153022200dd9e09da43dc3436</sys_ui_section>
            <sys_updated_by>admin</sys_updated_by>
            <sys_updated_on>2016-09-23 13:27:19</sys_updated_on>
            <sys_user/>
            <type>.begin_split</type>
        </sys_ui_element>
        <sys_ui_element action="INSERT_OR_UPDATE">
            <element>name</element>
            <position>1</position>
            <sys_created_by>admin</sys_created_by>
            <sys_created_on>2016-09-23 13:27:19</sys_created_on>
            <sys_id>07b69ca153022200dd9e09da43dc34b2</sys_id>
            <sys_mod_count>0</sys_mod_count>
            <sys_ui_formatter/>
            <sys_ui_section caption="NULL" display_value="" name="sn_hbm_hotel_service" sys_domain="global" view="Default view">a6565ca153022200dd9e09da43dc3436</sys_ui_section>
            <sys_updated_by>admin</sys_updated_by>
            <sys_updated_on>2016-09-23 13:27:19</sys_updated_on>
            <sys_user/>
            <type/>
        </sys_ui_element>
        <sys_ui_element action="INSERT_OR_UPDATE">
            <element>.split</element>
            <position>2</position>
            <sys_created_by>admin</sys_created_by>
            <sys_created_on>2016-09-23 13:27:19</sys_created_on>
            <sys_id>87b69ca153022200dd9e09da43dc34b2</sys_id>
            <sys_mod_count>0</sys_mod_count>
            <sys_ui_formatter/>
            <sys_ui_section caption="NULL" display_value="" name="sn_hbm_hotel_service" sys_domain="global" view="Default view">a6565ca153022200dd9e09da43dc3436</sys_ui_section>
            <sys_updated_by>admin</sys_updated_by>
            <sys_updated_on>2016-09-23 13:27:19</sys_updated_on>
            <sys_user/>
            <type>.split</type>
        </sys_ui_element>
        <sys_ui_element action="INSERT_OR_UPDATE">
            <element>price</element>
            <position>3</position>
            <sys_created_by>admin</sys_created_by>
            <sys_created_on>2016-09-23 13:27:19</sys_created_on>
            <sys_id>0bb69ca153022200dd9e09da43dc34b2</sys_id>
            <sys_mod_count>0</sys_mod_count>
            <sys_ui_formatter/>
            <sys_ui_section caption="NULL" display_value="" name="sn_hbm_hotel_service" sys_domain="global" view="Default view">a6565ca153022200dd9e09da43dc3436</sys_ui_section>
            <sys_updated_by>admin</sys_updated_by>
            <sys_updated_on>2016-09-23 13:27:19</sys_updated_on>
            <sys_user/>
            <type/>
        </sys_ui_element>
        <sys_ui_element action="INSERT_OR_UPDATE">
            <element>price_type</element>
            <position>4</position>
            <sys_created_by>admin</sys_created_by>
            <sys_created_on>2016-09-23 13:27:19</sys_created_on>
            <sys_id>8bb69ca153022200dd9e09da43dc34b2</sys_id>
            <sys_mod_count>0</sys_mod_count>
            <sys_ui_formatter/>
            <sys_ui_section caption="NULL" display_value="" name="sn_hbm_hotel_service" sys_domain="global" view="Default view">a6565ca153022200dd9e09da43dc3436</sys_ui_section>
            <sys_updated_by>admin</sys_updated_by>
            <sys_updated_on>2016-09-23 13:27:19</sys_updated_on>
            <sys_user/>
            <type/>
        </sys_ui_element>
        <sys_ui_element action="INSERT_OR_UPDATE">
            <element>.end_split</element>
            <position>5</position>
            <sys_created_by>admin</sys_created_by>
            <sys_created_on>2016-09-23 13:27:19</sys_created_on>
            <sys_id>0fb69ca153022200dd9e09da43dc34b2</sys_id>
            <sys_mod_count>0</sys_mod_count>
            <sys_ui_formatter/>
            <sys_ui_section caption="NULL" display_value="" name="sn_hbm_hotel_service" sys_domain="global" view="Default view">a6565ca153022200dd9e09da43dc3436</sys_ui_section>
            <sys_updated_by>admin</sys_updated_by>
            <sys_updated_on>2016-09-23 13:27:19</sys_updated_on>
            <sys_user/>
            <type>.end_split</type>
        </sys_ui_element>
        <sys_ui_element action="INSERT_OR_UPDATE">
            <element>description</element>
            <position>6</position>
            <sys_created_by>admin</sys_created_by>
            <sys_created_on>2016-09-23 13:27:19</sys_created_on>
            <sys_id>8fb69ca153022200dd9e09da43dc34b2</sys_id>
            <sys_mod_count>0</sys_mod_count>
            <sys_ui_formatter/>
            <sys_ui_section caption="NULL" display_value="" name="sn_hbm_hotel_service" sys_domain="global" view="Default view">a6565ca153022200dd9e09da43dc3436</sys_ui_section>
            <sys_updated_by>admin</sys_updated_by>
            <sys_updated_on>2016-09-23 13:27:19</sys_updated_on>
            <sys_user/>
            <type/>
        </sys_ui_element>
        <sys_ui_section action="INSERT_OR_UPDATE">
            <caption/>
            <header>false</header>
            <name>sn_hbm_hotel_service</name>
            <roles/>
            <sys_class_name>sys_ui_section</sys_class_name>
            <sys_created_by>admin</sys_created_by>
            <sys_created_on>2016-09-23 13:25:39</sys_created_on>
            <sys_domain>global</sys_domain>
            <sys_domain_path>/</sys_domain_path>
            <sys_id>a6565ca153022200dd9e09da43dc3436</sys_id>
            <sys_mod_count>0</sys_mod_count>
            <sys_name>sn_hbm_hotel_service</sys_name>
            <sys_overrides/>
            <sys_package display_value="Hotel Booking Management" source="sn_hbm">d9777b1153022200dd9e09da43dc3440</sys_package>
            <sys_policy/>
            <sys_scope display_value="Hotel Booking Management">d9777b1153022200dd9e09da43dc3440</sys_scope>
            <sys_update_name>sys_ui_section_a6565ca153022200dd9e09da43dc3436</sys_update_name>
            <sys_updated_by>admin</sys_updated_by>
            <sys_updated_on>2016-09-23 13:25:39</sys_updated_on>
            <sys_user/>
            <title>true</title>
            <view display_value="Default view" name="NULL">Default view</view>
            <view_name/>
        </sys_ui_section>
    </sys_ui_section>
</record_update>
