<?xml version="1.0" encoding="UTF-8"?><record_update>
    <sys_ui_section caption="" section_id="579b90e153022200dd9e09da43dc34a5" sys_domain="global" table="sn_hbm_booking_room" version="3" view="">
        <sys_ui_element action="INSERT_OR_UPDATE">
            <element>.begin_split</element>
            <position>0</position>
            <sys_created_by>admin</sys_created_by>
            <sys_created_on>2016-09-23 13:59:51</sys_created_on>
            <sys_id>672e9ce153022200dd9e09da43dc349f</sys_id>
            <sys_mod_count>0</sys_mod_count>
            <sys_ui_formatter/>
            <sys_ui_section caption="NULL" display_value="" name="sn_hbm_booking_room" sys_domain="global" view="Default view">579b90e153022200dd9e09da43dc34a5</sys_ui_section>
            <sys_updated_by>admin</sys_updated_by>
            <sys_updated_on>2016-09-23 13:59:51</sys_updated_on>
            <sys_user/>
            <type>.begin_split</type>
        </sys_ui_element>
        <sys_ui_element action="INSERT_OR_UPDATE">
            <element>booking</element>
            <position>1</position>
            <sys_created_by>admin</sys_created_by>
            <sys_created_on>2016-09-23 13:59:51</sys_created_on>
            <sys_id>e72e9ce153022200dd9e09da43dc349f</sys_id>
            <sys_mod_count>0</sys_mod_count>
            <sys_ui_formatter/>
            <sys_ui_section caption="NULL" display_value="" name="sn_hbm_booking_room" sys_domain="global" view="Default view">579b90e153022200dd9e09da43dc34a5</sys_ui_section>
            <sys_updated_by>admin</sys_updated_by>
            <sys_updated_on>2016-09-23 13:59:51</sys_updated_on>
            <sys_user/>
            <type/>
        </sys_ui_element>
        <sys_ui_element action="INSERT_OR_UPDATE">
            <element>room</element>
            <position>2</position>
            <sys_created_by>admin</sys_created_by>
            <sys_created_on>2016-09-23 13:59:51</sys_created_on>
            <sys_id>6b2e9ce153022200dd9e09da43dc349f</sys_id>
            <sys_mod_count>0</sys_mod_count>
            <sys_ui_formatter/>
            <sys_ui_section caption="NULL" display_value="" name="sn_hbm_booking_room" sys_domain="global" view="Default view">579b90e153022200dd9e09da43dc34a5</sys_ui_section>
            <sys_updated_by>admin</sys_updated_by>
            <sys_updated_on>2016-09-23 13:59:51</sys_updated_on>
            <sys_user/>
            <type/>
        </sys_ui_element>
        <sys_ui_element action="INSERT_OR_UPDATE">
            <element>cost</element>
            <position>3</position>
            <sys_created_by>admin</sys_created_by>
            <sys_created_on>2016-09-23 13:59:51</sys_created_on>
            <sys_id>eb2e9ce153022200dd9e09da43dc349f</sys_id>
            <sys_mod_count>0</sys_mod_count>
            <sys_ui_formatter/>
            <sys_ui_section caption="NULL" display_value="" name="sn_hbm_booking_room" sys_domain="global" view="Default view">579b90e153022200dd9e09da43dc34a5</sys_ui_section>
            <sys_updated_by>admin</sys_updated_by>
            <sys_updated_on>2016-09-23 13:59:51</sys_updated_on>
            <sys_user/>
            <type/>
        </sys_ui_element>
        <sys_ui_element action="INSERT_OR_UPDATE">
            <element>.split</element>
            <position>4</position>
            <sys_created_by>admin</sys_created_by>
            <sys_created_on>2016-09-23 13:59:51</sys_created_on>
            <sys_id>6f2e9ce153022200dd9e09da43dc349f</sys_id>
            <sys_mod_count>0</sys_mod_count>
            <sys_ui_formatter/>
            <sys_ui_section caption="NULL" display_value="" name="sn_hbm_booking_room" sys_domain="global" view="Default view">579b90e153022200dd9e09da43dc34a5</sys_ui_section>
            <sys_updated_by>admin</sys_updated_by>
            <sys_updated_on>2016-09-23 13:59:51</sys_updated_on>
            <sys_user/>
            <type>.split</type>
        </sys_ui_element>
        <sys_ui_element action="INSERT_OR_UPDATE">
            <element>checkin_date</element>
            <position>5</position>
            <sys_created_by>admin</sys_created_by>
            <sys_created_on>2016-09-23 13:59:51</sys_created_on>
            <sys_id>af2edce153022200dd9e09da43dc340f</sys_id>
            <sys_mod_count>0</sys_mod_count>
            <sys_ui_formatter/>
            <sys_ui_section caption="NULL" display_value="" name="sn_hbm_booking_room" sys_domain="global" view="Default view">579b90e153022200dd9e09da43dc34a5</sys_ui_section>
            <sys_updated_by>admin</sys_updated_by>
            <sys_updated_on>2016-09-23 13:59:51</sys_updated_on>
            <sys_user/>
            <type/>
        </sys_ui_element>
        <sys_ui_element action="INSERT_OR_UPDATE">
            <element>checkout_date</element>
            <position>6</position>
            <sys_created_by>admin</sys_created_by>
            <sys_created_on>2016-09-23 13:59:51</sys_created_on>
            <sys_id>232edce153022200dd9e09da43dc3410</sys_id>
            <sys_mod_count>0</sys_mod_count>
            <sys_ui_formatter/>
            <sys_ui_section caption="NULL" display_value="" name="sn_hbm_booking_room" sys_domain="global" view="Default view">579b90e153022200dd9e09da43dc34a5</sys_ui_section>
            <sys_updated_by>admin</sys_updated_by>
            <sys_updated_on>2016-09-23 13:59:51</sys_updated_on>
            <sys_user/>
            <type/>
        </sys_ui_element>
        <sys_ui_element action="INSERT_OR_UPDATE">
            <element>number_of_nights</element>
            <position>7</position>
            <sys_created_by>admin</sys_created_by>
            <sys_created_on>2016-09-23 13:59:51</sys_created_on>
            <sys_id>a32edce153022200dd9e09da43dc3410</sys_id>
            <sys_mod_count>0</sys_mod_count>
            <sys_ui_formatter/>
            <sys_ui_section caption="NULL" display_value="" name="sn_hbm_booking_room" sys_domain="global" view="Default view">579b90e153022200dd9e09da43dc34a5</sys_ui_section>
            <sys_updated_by>admin</sys_updated_by>
            <sys_updated_on>2016-09-23 13:59:51</sys_updated_on>
            <sys_user/>
            <type/>
        </sys_ui_element>
        <sys_ui_element action="INSERT_OR_UPDATE">
            <element>.end_split</element>
            <position>8</position>
            <sys_created_by>admin</sys_created_by>
            <sys_created_on>2016-09-23 13:59:51</sys_created_on>
            <sys_id>272edce153022200dd9e09da43dc3410</sys_id>
            <sys_mod_count>0</sys_mod_count>
            <sys_ui_formatter/>
            <sys_ui_section caption="NULL" display_value="" name="sn_hbm_booking_room" sys_domain="global" view="Default view">579b90e153022200dd9e09da43dc34a5</sys_ui_section>
            <sys_updated_by>admin</sys_updated_by>
            <sys_updated_on>2016-09-23 13:59:51</sys_updated_on>
            <sys_user/>
            <type>.end_split</type>
        </sys_ui_element>
        <sys_ui_section action="INSERT_OR_UPDATE">
            <caption/>
            <header>false</header>
            <name>sn_hbm_booking_room</name>
            <roles/>
            <sys_class_name>sys_ui_section</sys_class_name>
            <sys_created_by>admin</sys_created_by>
            <sys_created_on>2016-09-23 13:48:39</sys_created_on>
            <sys_domain>global</sys_domain>
            <sys_domain_path>/</sys_domain_path>
            <sys_id>579b90e153022200dd9e09da43dc34a5</sys_id>
            <sys_mod_count>0</sys_mod_count>
            <sys_name>sn_hbm_booking_room</sys_name>
            <sys_overrides/>
            <sys_package display_value="Hotel Booking Management" source="sn_hbm">d9777b1153022200dd9e09da43dc3440</sys_package>
            <sys_policy/>
            <sys_scope display_value="Hotel Booking Management">d9777b1153022200dd9e09da43dc3440</sys_scope>
            <sys_update_name>sys_ui_section_579b90e153022200dd9e09da43dc34a5</sys_update_name>
            <sys_updated_by>admin</sys_updated_by>
            <sys_updated_on>2016-09-23 13:48:39</sys_updated_on>
            <sys_user/>
            <title>true</title>
            <view display_value="Default view" name="NULL">Default view</view>
            <view_name/>
        </sys_ui_section>
    </sys_ui_section>
</record_update>
