<?xml version="1.0" encoding="UTF-8"?><record_update>
    <sys_ui_section caption="" section_id="04c598a153022200dd9e09da43dc34e2" sys_domain="global" table="sn_hbm_room_feature" version="3" view="">
        <sys_ui_element action="INSERT_OR_UPDATE">
            <element>.begin_split</element>
            <position>0</position>
            <sys_created_by>admin</sys_created_by>
            <sys_created_on>2016-09-23 13:23:35</sys_created_on>
            <sys_id>90e5d8a153022200dd9e09da43dc3479</sys_id>
            <sys_mod_count>0</sys_mod_count>
            <sys_ui_formatter/>
            <sys_ui_section caption="NULL" display_value="" name="sn_hbm_room_feature" sys_domain="global" view="Default view">04c598a153022200dd9e09da43dc34e2</sys_ui_section>
            <sys_updated_by>admin</sys_updated_by>
            <sys_updated_on>2016-09-23 13:23:35</sys_updated_on>
            <sys_user/>
            <type>.begin_split</type>
        </sys_ui_element>
        <sys_ui_element action="INSERT_OR_UPDATE">
            <element>name</element>
            <position>1</position>
            <sys_created_by>admin</sys_created_by>
            <sys_created_on>2016-09-23 13:23:35</sys_created_on>
            <sys_id>14e5d8a153022200dd9e09da43dc3479</sys_id>
            <sys_mod_count>0</sys_mod_count>
            <sys_ui_formatter/>
            <sys_ui_section caption="NULL" display_value="" name="sn_hbm_room_feature" sys_domain="global" view="Default view">04c598a153022200dd9e09da43dc34e2</sys_ui_section>
            <sys_updated_by>admin</sys_updated_by>
            <sys_updated_on>2016-09-23 13:23:35</sys_updated_on>
            <sys_user/>
            <type/>
        </sys_ui_element>
        <sys_ui_element action="INSERT_OR_UPDATE">
            <element>.split</element>
            <position>2</position>
            <sys_created_by>admin</sys_created_by>
            <sys_created_on>2016-09-23 13:23:35</sys_created_on>
            <sys_id>94e5d8a153022200dd9e09da43dc3479</sys_id>
            <sys_mod_count>0</sys_mod_count>
            <sys_ui_formatter/>
            <sys_ui_section caption="NULL" display_value="" name="sn_hbm_room_feature" sys_domain="global" view="Default view">04c598a153022200dd9e09da43dc34e2</sys_ui_section>
            <sys_updated_by>admin</sys_updated_by>
            <sys_updated_on>2016-09-23 13:23:35</sys_updated_on>
            <sys_user/>
            <type>.split</type>
        </sys_ui_element>
        <sys_ui_element action="INSERT_OR_UPDATE">
            <element>.end_split</element>
            <position>3</position>
            <sys_created_by>admin</sys_created_by>
            <sys_created_on>2016-09-23 13:23:35</sys_created_on>
            <sys_id>18e5d8a153022200dd9e09da43dc3479</sys_id>
            <sys_mod_count>0</sys_mod_count>
            <sys_ui_formatter/>
            <sys_ui_section caption="NULL" display_value="" name="sn_hbm_room_feature" sys_domain="global" view="Default view">04c598a153022200dd9e09da43dc34e2</sys_ui_section>
            <sys_updated_by>admin</sys_updated_by>
            <sys_updated_on>2016-09-23 13:23:35</sys_updated_on>
            <sys_user/>
            <type>.end_split</type>
        </sys_ui_element>
        <sys_ui_element action="INSERT_OR_UPDATE">
            <element>description</element>
            <position>4</position>
            <sys_created_by>admin</sys_created_by>
            <sys_created_on>2016-09-23 13:23:35</sys_created_on>
            <sys_id>98e5d8a153022200dd9e09da43dc3479</sys_id>
            <sys_mod_count>0</sys_mod_count>
            <sys_ui_formatter/>
            <sys_ui_section caption="NULL" display_value="" name="sn_hbm_room_feature" sys_domain="global" view="Default view">04c598a153022200dd9e09da43dc34e2</sys_ui_section>
            <sys_updated_by>admin</sys_updated_by>
            <sys_updated_on>2016-09-23 13:23:35</sys_updated_on>
            <sys_user/>
            <type/>
        </sys_ui_element>
        <sys_ui_section action="INSERT_OR_UPDATE">
            <caption/>
            <header>false</header>
            <name>sn_hbm_room_feature</name>
            <roles/>
            <sys_class_name>sys_ui_section</sys_class_name>
            <sys_created_by>admin</sys_created_by>
            <sys_created_on>2016-09-23 13:23:02</sys_created_on>
            <sys_domain>global</sys_domain>
            <sys_domain_path>/</sys_domain_path>
            <sys_id>04c598a153022200dd9e09da43dc34e2</sys_id>
            <sys_mod_count>0</sys_mod_count>
            <sys_name>sn_hbm_room_feature</sys_name>
            <sys_overrides/>
            <sys_package display_value="Hotel Booking Management" source="sn_hbm">d9777b1153022200dd9e09da43dc3440</sys_package>
            <sys_policy/>
            <sys_scope display_value="Hotel Booking Management">d9777b1153022200dd9e09da43dc3440</sys_scope>
            <sys_update_name>sys_ui_section_04c598a153022200dd9e09da43dc34e2</sys_update_name>
            <sys_updated_by>admin</sys_updated_by>
            <sys_updated_on>2016-09-23 13:23:02</sys_updated_on>
            <sys_user/>
            <title>true</title>
            <view display_value="Default view" name="NULL">Default view</view>
            <view_name/>
        </sys_ui_section>
    </sys_ui_section>
</record_update>
