<?xml version="1.0" encoding="UTF-8"?><record_update table="sys_m2m">
    <sys_m2m action="INSERT_OR_UPDATE">
        <from_table>sn_hbm_room_type</from_table>
        <m2m_from_field>room_type</m2m_from_field>
        <m2m_from_label>Room Feature</m2m_from_label>
        <m2m_table>sn_hbm_m2m_room_feature_room_type</m2m_table>
        <m2m_to_field>room_feature</m2m_to_field>
        <m2m_to_label>Room Type</m2m_to_label>
        <sys_class_name>sys_m2m</sys_class_name>
        <sys_created_by>admin</sys_created_by>
        <sys_created_on>2016-09-23 11:27:31</sys_created_on>
        <sys_id>e02bfb5153022200dd9e09da43dc34ff</sys_id>
        <sys_mod_count>0</sys_mod_count>
        <sys_name>sn_hbm_m2m_room_feature_room_type</sys_name>
        <sys_package display_value="Hotel Booking Management" source="sn_hbm">d9777b1153022200dd9e09da43dc3440</sys_package>
        <sys_policy/>
        <sys_scope display_value="Hotel Booking Management">d9777b1153022200dd9e09da43dc3440</sys_scope>
        <sys_update_name>sys_m2m_e02bfb5153022200dd9e09da43dc34ff</sys_update_name>
        <sys_updated_by>admin</sys_updated_by>
        <sys_updated_on>2016-09-23 11:27:31</sys_updated_on>
        <to_table>sn_hbm_room_feature</to_table>
    </sys_m2m>
</record_update>
