<?xml version="1.0" encoding="UTF-8"?><record_update>
    <sys_ui_list parent="" relationship="" sys_domain="global" table="sn_hbm_booking_payment" version="2" view="">
        <sys_ui_list_element action="INSERT_OR_UPDATE">
            <average_value>false</average_value>
            <element>amount</element>
            <list_id display_value="sn_hbm_booking_payment" element="NULL" name="sn_hbm_booking_payment" parent="NULL" relationship="NULL" sys_domain="global" view="Default view">1c8750e153022200dd9e09da43dc34f5</list_id>
            <max_value>false</max_value>
            <min_value>false</min_value>
            <position>0</position>
            <sum>false</sum>
            <sys_created_by>admin</sys_created_by>
            <sys_created_on>2016-09-23 13:30:42</sys_created_on>
            <sys_id>508750e153022200dd9e09da43dc34f6</sys_id>
            <sys_mod_count>0</sys_mod_count>
            <sys_updated_by>admin</sys_updated_by>
            <sys_updated_on>2016-09-23 13:30:42</sys_updated_on>
        </sys_ui_list_element>
        <sys_ui_list_element action="INSERT_OR_UPDATE">
            <average_value>false</average_value>
            <element>booking</element>
            <list_id display_value="sn_hbm_booking_payment" element="NULL" name="sn_hbm_booking_payment" parent="NULL" relationship="NULL" sys_domain="global" view="Default view">1c8750e153022200dd9e09da43dc34f5</list_id>
            <max_value>false</max_value>
            <min_value>false</min_value>
            <position>1</position>
            <sum>false</sum>
            <sys_created_by>admin</sys_created_by>
            <sys_created_on>2016-09-23 13:30:42</sys_created_on>
            <sys_id>d08750e153022200dd9e09da43dc34f6</sys_id>
            <sys_mod_count>0</sys_mod_count>
            <sys_updated_by>admin</sys_updated_by>
            <sys_updated_on>2016-09-23 13:30:42</sys_updated_on>
        </sys_ui_list_element>
        <sys_ui_list_element action="INSERT_OR_UPDATE">
            <average_value>false</average_value>
            <element>first_name</element>
            <list_id display_value="sn_hbm_booking_payment" element="NULL" name="sn_hbm_booking_payment" parent="NULL" relationship="NULL" sys_domain="global" view="Default view">1c8750e153022200dd9e09da43dc34f5</list_id>
            <max_value>false</max_value>
            <min_value>false</min_value>
            <position>2</position>
            <sum>false</sum>
            <sys_created_by>admin</sys_created_by>
            <sys_created_on>2016-09-23 13:30:42</sys_created_on>
            <sys_id>548750e153022200dd9e09da43dc34f6</sys_id>
            <sys_mod_count>0</sys_mod_count>
            <sys_updated_by>admin</sys_updated_by>
            <sys_updated_on>2016-09-23 13:30:42</sys_updated_on>
        </sys_ui_list_element>
        <sys_ui_list_element action="INSERT_OR_UPDATE">
            <average_value>false</average_value>
            <element>last_name</element>
            <list_id display_value="sn_hbm_booking_payment" element="NULL" name="sn_hbm_booking_payment" parent="NULL" relationship="NULL" sys_domain="global" view="Default view">1c8750e153022200dd9e09da43dc34f5</list_id>
            <max_value>false</max_value>
            <min_value>false</min_value>
            <position>3</position>
            <sum>false</sum>
            <sys_created_by>admin</sys_created_by>
            <sys_created_on>2016-09-23 13:30:42</sys_created_on>
            <sys_id>d48750e153022200dd9e09da43dc34f6</sys_id>
            <sys_mod_count>0</sys_mod_count>
            <sys_updated_by>admin</sys_updated_by>
            <sys_updated_on>2016-09-23 13:30:42</sys_updated_on>
        </sys_ui_list_element>
        <sys_ui_list_element action="INSERT_OR_UPDATE">
            <average_value>false</average_value>
            <element>payment_time</element>
            <list_id display_value="sn_hbm_booking_payment" element="NULL" name="sn_hbm_booking_payment" parent="NULL" relationship="NULL" sys_domain="global" view="Default view">1c8750e153022200dd9e09da43dc34f5</list_id>
            <max_value>false</max_value>
            <min_value>false</min_value>
            <position>4</position>
            <sum>false</sum>
            <sys_created_by>admin</sys_created_by>
            <sys_created_on>2016-09-23 13:30:42</sys_created_on>
            <sys_id>588750e153022200dd9e09da43dc34f6</sys_id>
            <sys_mod_count>0</sys_mod_count>
            <sys_updated_by>admin</sys_updated_by>
            <sys_updated_on>2016-09-23 13:30:42</sys_updated_on>
        </sys_ui_list_element>
        <sys_ui_list action="INSERT_OR_UPDATE">
            <average_value>false</average_value>
            <element/>
            <max_value>false</max_value>
            <min_value>false</min_value>
            <name>sn_hbm_booking_payment</name>
            <parent/>
            <position/>
            <relationship/>
            <sum>false</sum>
            <sys_class_name>sys_ui_list</sys_class_name>
            <sys_created_by>admin</sys_created_by>
            <sys_created_on>2016-09-23 13:30:42</sys_created_on>
            <sys_domain>global</sys_domain>
            <sys_domain_path>/</sys_domain_path>
            <sys_id>1c8750e153022200dd9e09da43dc34f5</sys_id>
            <sys_mod_count>0</sys_mod_count>
            <sys_name>sn_hbm_booking_payment</sys_name>
            <sys_package display_value="Hotel Booking Management" source="sn_hbm">d9777b1153022200dd9e09da43dc3440</sys_package>
            <sys_policy/>
            <sys_scope display_value="Hotel Booking Management">d9777b1153022200dd9e09da43dc3440</sys_scope>
            <sys_update_name>sys_ui_list_sn_hbm_booking_payment_null</sys_update_name>
            <sys_updated_by>admin</sys_updated_by>
            <sys_updated_on>2016-09-23 13:30:42</sys_updated_on>
            <sys_user/>
            <view display_value="Default view" name="NULL">Default view</view>
            <view_name/>
        </sys_ui_list>
    </sys_ui_list>
</record_update>
