<?xml version="1.0" encoding="UTF-8"?><record_update table="sys_security_acl_role">
    <sys_security_acl_role action="INSERT_OR_UPDATE">
        <sys_class_name>sys_security_acl_role</sys_class_name>
        <sys_created_by>admin</sys_created_by>
        <sys_created_on>2016-09-23 11:39:50</sys_created_on>
        <sys_id>282ef39153022200dd9e09da43dc3463</sys_id>
        <sys_mod_count>0</sys_mod_count>
        <sys_name>sn_hbm_booking_room.sn_hbm_booking_room_user</sys_name>
        <sys_package display_value="Hotel Booking Management" source="sn_hbm">d9777b1153022200dd9e09da43dc3440</sys_package>
        <sys_policy/>
        <sys_scope display_value="Hotel Booking Management">d9777b1153022200dd9e09da43dc3440</sys_scope>
        <sys_security_acl display_value="sn_hbm_booking_room">e82ef39153022200dd9e09da43dc3462</sys_security_acl>
        <sys_update_name>sys_security_acl_role_282ef39153022200dd9e09da43dc3463</sys_update_name>
        <sys_updated_by>admin</sys_updated_by>
        <sys_updated_on>2016-09-23 11:39:50</sys_updated_on>
        <sys_user_role display_value="sn_hbm_booking_room_user" name="sn_hbm_booking_room_user">482ef39153022200dd9e09da43dc3439</sys_user_role>
        <transaction_id/>
    </sys_security_acl_role>
</record_update>
