<?xml version="1.0" encoding="UTF-8"?><record_update>
    <sys_ui_related sys_domain="global" table="sn_hbm_booking" version="2" view="">
        <sys_ui_related_list_entry action="INSERT_OR_UPDATE">
            <filter/>
            <list_id display_value="Booking - Default view" name="sn_hbm_booking" related_list="NULL" sys_domain="global" view="Default view">d08750e153022200dd9e09da43dc34a6</list_id>
            <order_by/>
            <position>0</position>
            <related_list>sn_hbm_booking_room.booking</related_list>
            <sys_class_name>sys_ui_related_list_entry</sys_class_name>
            <sys_created_by>admin</sys_created_by>
            <sys_created_on>2016-09-23 13:30:42</sys_created_on>
            <sys_id>188750e153022200dd9e09da43dc34a6</sys_id>
            <sys_mod_count>0</sys_mod_count>
            <sys_updated_by>admin</sys_updated_by>
            <sys_updated_on>2016-09-23 13:30:42</sys_updated_on>
        </sys_ui_related_list_entry>
        <sys_ui_related_list_entry action="INSERT_OR_UPDATE">
            <filter/>
            <list_id display_value="Booking - Default view" name="sn_hbm_booking" related_list="NULL" sys_domain="global" view="Default view">d08750e153022200dd9e09da43dc34a6</list_id>
            <order_by/>
            <position>1</position>
            <related_list>sn_hbm_booking_payment.booking</related_list>
            <sys_class_name>sys_ui_related_list_entry</sys_class_name>
            <sys_created_by>admin</sys_created_by>
            <sys_created_on>2016-09-23 13:30:42</sys_created_on>
            <sys_id>d88750e153022200dd9e09da43dc34a6</sys_id>
            <sys_mod_count>0</sys_mod_count>
            <sys_updated_by>admin</sys_updated_by>
            <sys_updated_on>2016-09-23 13:30:42</sys_updated_on>
        </sys_ui_related_list_entry>
        <sys_ui_related_list action="INSERT_OR_UPDATE">
            <calculated_name>Booking - Default view</calculated_name>
            <filter/>
            <name>sn_hbm_booking</name>
            <order_by/>
            <position/>
            <related_list/>
            <sys_class_name>sys_ui_related_list</sys_class_name>
            <sys_created_by>admin</sys_created_by>
            <sys_created_on>2016-09-23 13:30:42</sys_created_on>
            <sys_domain>global</sys_domain>
            <sys_domain_path>/</sys_domain_path>
            <sys_id>d08750e153022200dd9e09da43dc34a6</sys_id>
            <sys_mod_count>0</sys_mod_count>
            <sys_name>Booking - Default view</sys_name>
            <sys_package display_value="Hotel Booking Management" source="sn_hbm">d9777b1153022200dd9e09da43dc3440</sys_package>
            <sys_policy/>
            <sys_scope display_value="Hotel Booking Management">d9777b1153022200dd9e09da43dc3440</sys_scope>
            <sys_update_name>sys_ui_related_sn_hbm_booking_null</sys_update_name>
            <sys_updated_by>admin</sys_updated_by>
            <sys_updated_on>2016-09-23 13:30:42</sys_updated_on>
            <sys_user/>
            <view display_value="Default view" name="NULL">Default view</view>
            <view_name/>
        </sys_ui_related_list>
    </sys_ui_related>
</record_update>
