<?xml version="1.0" encoding="UTF-8"?><record_update>
    <sys_documentation element="state" label="State" language="en" table="sn_hbm_booking">
        <sys_documentation action="INSERT_OR_UPDATE">
            <element>state</element>
            <help/>
            <hint/>
            <label>State</label>
            <language>en</language>
            <name>sn_hbm_booking</name>
            <plural>States</plural>
            <sys_class_name>sys_documentation</sys_class_name>
            <sys_created_by>admin</sys_created_by>
            <sys_created_on>2020-01-15 11:28:27</sys_created_on>
            <sys_id>51a5c2ee4f1e0c10dc212f9ca310c717</sys_id>
            <sys_mod_count>0</sys_mod_count>
            <sys_name>State</sys_name>
            <sys_package display_value="Hotel Booking Management" source="sn_hbm">d9777b1153022200dd9e09da43dc3440</sys_package>
            <sys_policy/>
            <sys_scope display_value="Hotel Booking Management">d9777b1153022200dd9e09da43dc3440</sys_scope>
            <sys_update_name>sys_documentation_sn_hbm_booking_state_en</sys_update_name>
            <sys_updated_by>admin</sys_updated_by>
            <sys_updated_on>2020-01-15 11:28:27</sys_updated_on>
            <url/>
            <url_target/>
        </sys_documentation>
    </sys_documentation>
</record_update>
