<?xml version="1.0" encoding="UTF-8"?><record_update table="sys_user_role">
    <sys_user_role action="INSERT_OR_UPDATE">
        <assignable_by/>
        <can_delegate>true</can_delegate>
        <description/>
        <elevated_privilege>false</elevated_privilege>
        <encryption_context/>
        <grantable>true</grantable>
        <includes_roles/>
        <name>sn_hbm_booking_user</name>
        <requires_subscription/>
        <scoped_admin>false</scoped_admin>
        <suffix/>
        <sys_class_name>sys_user_role</sys_class_name>
        <sys_created_by>admin</sys_created_by>
        <sys_created_on>2016-09-23 11:33:00</sys_created_on>
        <sys_id>989cbf5153022200dd9e09da43dc344d</sys_id>
        <sys_mod_count>0</sys_mod_count>
        <sys_name>sn_hbm_booking_user</sys_name>
        <sys_package display_value="Hotel Booking Management" source="sn_hbm">d9777b1153022200dd9e09da43dc3440</sys_package>
        <sys_policy/>
        <sys_scope display_value="Hotel Booking Management">d9777b1153022200dd9e09da43dc3440</sys_scope>
        <sys_update_name>sys_user_role_989cbf5153022200dd9e09da43dc344d</sys_update_name>
        <sys_updated_by>admin</sys_updated_by>
        <sys_updated_on>2016-09-23 11:33:00</sys_updated_on>
    </sys_user_role>
</record_update>
