<?xml version="1.0" encoding="UTF-8"?><record_update table="ua_table_licensing_config">
    <ua_table_licensing_config action="INSERT_OR_UPDATE">
        <is_fulfillment>false</is_fulfillment>
        <license_condition/>
        <license_model>none</license_model>
        <license_roles/>
        <name>sn_hbm_m2m_room_feature_room_type</name>
        <op_delete>true</op_delete>
        <op_insert>true</op_insert>
        <op_update>true</op_update>
        <owner_condition table="sn_hbm_m2m_room_feature_room_type">sys_created_by=javascript:gs.getUserName()^EQ<item endquery="false" field="sys_created_by" goto="false" newquery="false" operator="=" or="false" value="javascript:gs.getUserName()"/>
            <item endquery="true" field="" goto="false" newquery="false" operator="=" or="false" value=""/>
        </owner_condition>
        <sys_class_name>ua_table_licensing_config</sys_class_name>
        <sys_created_by>admin</sys_created_by>
        <sys_created_on>2016-09-23 11:27:31</sys_created_on>
        <sys_id>ff258e2e4f1e0c10dc212f9ca310c7b6</sys_id>
        <sys_mod_count>0</sys_mod_count>
        <sys_name>sn_hbm_m2m_room_feature_room_type</sys_name>
        <sys_package display_value="Hotel Booking Management" source="sn_hbm">d9777b1153022200dd9e09da43dc3440</sys_package>
        <sys_policy/>
        <sys_scope display_value="Hotel Booking Management">d9777b1153022200dd9e09da43dc3440</sys_scope>
        <sys_update_name>ua_table_licensing_config_ff258e2e4f1e0c10dc212f9ca310c7b6</sys_update_name>
        <sys_updated_by>admin</sys_updated_by>
        <sys_updated_on>2016-09-23 11:27:31</sys_updated_on>
    </ua_table_licensing_config>
</record_update>
