<?xml version="1.0" encoding="UTF-8"?><database>
    <element label="Sn Hbm M2m Room Feature Room Type" max_length="40" name="sn_hbm_m2m_room_feature_room_type" type="collection">
        <element label="Room Feature" max_length="32" name="room_feature" reference="sn_hbm_room_feature" type="reference"/>
        <element label="Room Type" max_length="32" name="room_type" reference="sn_hbm_room_type" type="reference"/>
        <index name="index">
            <element name="room_feature"/>
        </index>
        <index name="index2">
            <element name="room_type"/>
        </index>
    </element>
</database>
