<?xml version="1.0" encoding="UTF-8"?><record_update>
    <sys_choice action="INSERT_OR_UPDATE" field="state" table="sn_hbm_booking" version="3">
        <sys_choice action="INSERT_OR_UPDATE">
            <dependent_value/>
            <element>state</element>
            <hint/>
            <inactive>false</inactive>
            <label>Requested</label>
            <language>en</language>
            <name>sn_hbm_booking</name>
            <sequence>100</sequence>
            <sys_created_by>admin</sys_created_by>
            <sys_created_on>2020-01-15 11:28:53</sys_created_on>
            <sys_domain>global</sys_domain>
            <sys_domain_path>/</sys_domain_path>
            <sys_id>d1b5462e4f1e0c10dc212f9ca310c72e</sys_id>
            <sys_mod_count>2</sys_mod_count>
            <sys_updated_by>admin</sys_updated_by>
            <sys_updated_on>2020-01-15 11:28:58</sys_updated_on>
            <value>Requested</value>
        </sys_choice>
        <sys_choice action="INSERT_OR_UPDATE">
            <dependent_value/>
            <element>state</element>
            <hint/>
            <inactive>false</inactive>
            <label>Confirmed</label>
            <language>en</language>
            <name>sn_hbm_booking</name>
            <sequence>200</sequence>
            <sys_created_by>admin</sys_created_by>
            <sys_created_on>2020-01-15 11:29:08</sys_created_on>
            <sys_domain>global</sys_domain>
            <sys_domain_path>/</sys_domain_path>
            <sys_id>ffb50aaa4f1e0c10dc212f9ca310c76e</sys_id>
            <sys_mod_count>2</sys_mod_count>
            <sys_updated_by>admin</sys_updated_by>
            <sys_updated_on>2020-01-15 11:29:12</sys_updated_on>
            <value>Confirmed</value>
        </sys_choice>
        <sys_choice action="INSERT_OR_UPDATE">
            <dependent_value/>
            <element>state</element>
            <hint/>
            <inactive>false</inactive>
            <label>Cancelled</label>
            <language>en</language>
            <name>sn_hbm_booking</name>
            <sequence>300</sequence>
            <sys_created_by>admin</sys_created_by>
            <sys_created_on>2020-01-15 11:29:28</sys_created_on>
            <sys_domain>global</sys_domain>
            <sys_domain_path>/</sys_domain_path>
            <sys_id>72d5c2ee4f1e0c10dc212f9ca310c724</sys_id>
            <sys_mod_count>2</sys_mod_count>
            <sys_updated_by>admin</sys_updated_by>
            <sys_updated_on>2020-01-15 11:29:34</sys_updated_on>
            <value>Cancelled</value>
        </sys_choice>
        <sys_choice_set action="INSERT_OR_UPDATE">
            <element>state</element>
            <name>sn_hbm_booking</name>
            <sys_class_name>sys_choice_set</sys_class_name>
            <sys_created_by>admin</sys_created_by>
            <sys_created_on>2020-01-15 11:28:53</sys_created_on>
            <sys_id>abb5c66e4f1e0c10dc212f9ca310c733</sys_id>
            <sys_mod_count>0</sys_mod_count>
            <sys_name>state</sys_name>
            <sys_package display_value="Hotel Booking Management" source="sn_hbm">d9777b1153022200dd9e09da43dc3440</sys_package>
            <sys_policy/>
            <sys_scope display_value="Hotel Booking Management">d9777b1153022200dd9e09da43dc3440</sys_scope>
            <sys_update_name>sys_choice_sn_hbm_booking_state</sys_update_name>
            <sys_updated_by>admin</sys_updated_by>
            <sys_updated_on>2020-01-15 11:28:53</sys_updated_on>
        </sys_choice_set>
    </sys_choice>
</record_update>
