<?xml version="1.0" encoding="UTF-8"?><record_update>
    <sys_choice action="DELETE" field="price_type" table="sn_hbm_hotel_service" version="3">
        <sys_choice_set action="DELETE">
            <element>price_type</element>
            <name>sn_hbm_hotel_service</name>
            <sys_class_name/>
            <sys_created_by>admin</sys_created_by>
            <sys_created_on/>
            <sys_id>2aa44eaa4f1e0c10dc212f9ca310c747</sys_id>
            <sys_mod_count/>
            <sys_name>price_type</sys_name>
            <sys_package display_value="Hotel Booking Management" source="sn_hbm">d9777b1153022200dd9e09da43dc3440</sys_package>
            <sys_policy/>
            <sys_scope display_value="Hotel Booking Management">d9777b1153022200dd9e09da43dc3440</sys_scope>
            <sys_update_name>sys_choice_sn_hbm_hotel_service_price_type</sys_update_name>
            <sys_updated_by>admin</sys_updated_by>
            <sys_updated_on>2020-01-15 11:25:44</sys_updated_on>
        </sys_choice_set>
        <sys_update_version action="INSERT_OR_UPDATE">
            <action>DELETE</action>
            <application display_value="Hotel Booking Management">d9777b1153022200dd9e09da43dc3440</application>
            <file_path/>
            <instance_id>feceb644db14978460a6f0e5bf9619be</instance_id>
            <instance_name>dev49883</instance_name>
            <name>sys_choice_sn_hbm_hotel_service_price_type</name>
            <payload>&lt;?xml version="1.0" encoding="UTF-8"?&gt;&lt;record_update&gt;&lt;sys_choice action="DELETE" field="price_type" table="sn_hbm_hotel_service" version="3"&gt;&lt;sys_choice_set action="DELETE"&gt;&lt;element&gt;price_type&lt;/element&gt;&lt;name&gt;sn_hbm_hotel_service&lt;/name&gt;&lt;sys_class_name/&gt;&lt;sys_created_by&gt;system&lt;/sys_created_by&gt;&lt;sys_created_on/&gt;&lt;sys_id&gt;a784dbca4f918010dc212f9ca310c794&lt;/sys_id&gt;&lt;sys_mod_count/&gt;&lt;sys_name&gt;price_type&lt;/sys_name&gt;&lt;sys_package display_value="Hotel Booking Management" source="sn_hbm"&gt;d9777b1153022200dd9e09da43dc3440&lt;/sys_package&gt;&lt;sys_policy/&gt;&lt;sys_scope display_value="Hotel Booking Management"&gt;d9777b1153022200dd9e09da43dc3440&lt;/sys_scope&gt;&lt;sys_update_name&gt;sys_choice_sn_hbm_hotel_service_price_type&lt;/sys_update_name&gt;&lt;sys_updated_by&gt;system&lt;/sys_updated_by&gt;&lt;sys_updated_on&gt;2020-01-15 11:22:40&lt;/sys_updated_on&gt;&lt;/sys_choice_set&gt;&lt;sys_update_version action="INSERT_OR_UPDATE"&gt;&lt;action&gt;DELETE&lt;/action&gt;&lt;application display_value="Hotel Booking Management"&gt;d9777b1153022200dd9e09da43dc3440&lt;/application&gt;&lt;file_path/&gt;&lt;instance_id&gt;feceb644db14978460a6f0e5bf9619be&lt;/instance_id&gt;&lt;instance_name&gt;dev49883&lt;/instance_name&gt;&lt;name&gt;sys_choice_sn_hbm_hotel_service_price_type&lt;/name&gt;&lt;payload&gt;&lt;![CDATA[&lt;?xml version="1.0" encoding="UTF-8"?&gt;&lt;record_update&gt;&lt;sys_choice action="DELETE" field="price_type" table="sn_hbm_hotel_service" version="3"&gt;&lt;sys_choice_set action="DELETE"&gt;&lt;element&gt;price_type&lt;/element&gt;&lt;name&gt;sn_hbm_hotel_service&lt;/name&gt;&lt;sys_class_name/&gt;&lt;sys_created_by&gt;system&lt;/sys_created_by&gt;&lt;sys_created_on/&gt;&lt;sys_id&gt;6c93db4a4f918010dc212f9ca310c7e6&lt;/sys_id&gt;&lt;sys_mod_count/&gt;&lt;sys_name&gt;price_type&lt;/sys_name&gt;&lt;sys_package display_value="Hotel Booking Management" source="sn_hbm"&gt;d9777b1153022200dd9e09da43dc3440&lt;/sys_package&gt;&lt;sys_policy/&gt;&lt;sys_scope display_value="Hotel Booking Management"&gt;d9777b1153022200dd9e09da43dc3440&lt;/sys_scope&gt;&lt;sys_update_name&gt;sys_choice_sn_hbm_hotel_service_price_type&lt;/sys_update_name&gt;&lt;sys_updated_by&gt;system&lt;/sys_updated_by&gt;&lt;sys_updated_on&gt;2019-11-25 10:52:58&lt;/sys_updated_on&gt;&lt;/sys_choice_set&gt;&lt;/sys_choice&gt;&lt;/record_update&gt;]]&gt;&lt;/payload&gt;&lt;payload_hash&gt;-1113787150&lt;/payload_hash&gt;&lt;record_name&gt;sn_hbm_hotel_service.Price type&lt;/record_name&gt;&lt;reverted_from/&gt;&lt;source&gt;8844df4a4f918010dc212f9ca310c74e&lt;/source&gt;&lt;source_table&gt;sys_update_set&lt;/source_table&gt;&lt;state&gt;previous&lt;/state&gt;&lt;sys_created_by&gt;admin&lt;/sys_created_by&gt;&lt;sys_created_on&gt;2019-11-25 10:52:58&lt;/sys_created_on&gt;&lt;sys_id&gt;d074d3ca4f918010dc212f9ca310c73d&lt;/sys_id&gt;&lt;sys_mod_count&gt;0&lt;/sys_mod_count&gt;&lt;sys_recorded_at&gt;16ea2316b520000001&lt;/sys_recorded_at&gt;&lt;sys_updated_by&gt;admin&lt;/sys_updated_by&gt;&lt;sys_updated_on&gt;2019-11-25 10:52:58&lt;/sys_updated_on&gt;&lt;type&gt;Choice list&lt;/type&gt;&lt;update_guid&gt;5874d3cad49180102db5ee318a1f383c&lt;/update_guid&gt;&lt;update_guid_history&gt;5874d3cad49180102db5ee318a1f383c:-1113787150,dc74d3cad09180108a3946a9f3054338:-1464060531,64a3df4a459180100aa0677c9c7aeb5a:0,72139b0a1d9180102066e6ce2d739fcb:1111540196,72139b0a2f91801092ca89e57898ccc8:2035008323,9b168802e6e8401065d87998981fa7c7:1111540196,431688020fe840104e3bbfde0feb0cc4:-1464060531,06b50cce1ea8401007feaa28b42f7b95:0,8435c48e77a84010d175cdd553b33251:-1113787150,4835c48e5da8401078511f683623544d:-1464060531,19f68ef4a11c40108098d3e333d31e6b:0,49c642f46c1c4010ab5c7e1288bc1341:1111540196,01c642f40b1c40107aa853ccb00cea3e:-1464060531,efe2c2f0e41c40109ae940f413f2467a:0,282e39bcb0d84010089fa1cb1c3e1def:-1113787150,e82e39bc5bd84010a101ae261fd5aaeb:-1464060531,b8589b7691848010b8ca1cdb188f279e:0,dc289f36eb84801089cc00764c793400:1111540196,dc285f360e848010036d7fcd9b3394f0:-1464060531,2ae597b2b58480103d48023847c2d4cd:0,f10bf6baac048010fcc50bd973e45ac9:-1113787150,b50bf6baeb048010b35b8dfa1a2d97c5:-1464060531,902ca484c1c800106a14d8e69f4c7034:0,6feb2844d8c800106fa1dd3bd6b21be5:1111540196,a7eb284465c8001068696466e86f4bc9:-1464060531,769ba8043fc80010758dc35fb67fb3cb:0,288aac803ec8001044b2c3be5ceda4f1:-1113787150,e88aac80c4c80010750e2aec7366d3ed:-1464060531,c367598686bb330018ea02bb99866bb1:0,b7375d4682bb330070a7b1c4c171203f:1111540196,7f375d46c7bb330003735a8bea3bf43b:-1464060531,77e6dd061cbb3300e6cabbe68762b9d8:0,10c691067cbb33007e782754eca7f5d0:1111540196,d4c69106d7bb3300b4eb72c17d27b7cc:-1464060531,ed6611826ebb3300ae797f2ad90646a4:0,5a361542d2bb33006d1eea8d46f4988d:1111540196,123615424abb3300bcb245a5018a9a8a:-1464060531,a814d58e957b330086a8250d53369a76:0,25b3954e687b3300a3dcabd7e81825ad:-1113787150,e5b3954ecb7b3300a83f2efcfbc831a9:-1464060531,8367f98057733300384d009bd7f60e6f:0,ef37fd403e7333008cfe649bbfa8a608:1111540196,ef37bd40b17333007cd4b46bfcd484f8:-1464060531,59e631403e73330056008c8db9bfb88b:0,6bf5b5cc8333330016495a7b70c3c41a:-1113787150,2ff5b5ccc7333300f9175027ff5f0816:-1464060531,d5c2017b43e3b300469560265a7021ac:0,9992053b34e3b300ba4c1d2e7a704f9c:1111540196,5192053befe3b30090c9eb52657a1899:-1464060531,be818db72ee3b300224b55aabec5ad08:0,d4bf783756e3b300bef132d6cf55f598:-1113787150,98bf783789e3b30014a2078681327194:-1464060531,4973e84ca63a33008dd272e36a4e1616:0,6643ec0c523a3300f3950ba24286d610:1111540196,2e43ec0cb13a3300fd3925c7140cc30c:-1464060531,1592e8c8d83a3300a7a0207ae5d7c1f0:0,c762ec88953a3300def70d20c60c08d6:1111540196,8f62ec88163a33005999c06ad6fd84d2:-1464060531,8730a408b63a33000c610fefad224aea:0,c0aa50c0b53a3300d1336e5a188227f2:-1113787150,84aa50c0373a33007c5e63115b7ffeee:-1464060531,c28fcdc64a227300cfd48db355c862f7:-1113787150,c28fcdc64a227300cfd48db355c862f7:-1113787150,868fcdc608227300b48ad5d49dfd0af3:-1464060531,8fd9a5f0cbea33006cf7c2fa5dae0271:0,e5b9a9b0a0ea3300bdb14fee3338e03e:1111540196,adb9a9b040ea33006362960fa64a9e3a:-1464060531,70b8e17027ea330047d13ec71d402343:0,9788a53084ea33004bcb1a135aef40a3:1111540196,5f88a5304eea3300009b820d45efb49f:-1464060531,5c466d7c1daa33003d367a81ef43889a:0,bfd2e1b8caaa33004d4025a21fcb8b06:-1113787150,73d2e1b86baa33007fa12182b1e97c03:-1464060531,d16195f48b6a3300700c3d77fd73ae10:0,973159b45b6a33001c9fd3b907fdab55:1111540196,973159b41e6a33006405b09704903145:-1464060531,c9015d74216a3300cdb0c316aa494fa7:0,7bd011747d6a3300cc27f62383e7fdc8:1111540196,33d01174026a33004972e1a75045cec5:-1464060531,03ffc9f01b6a3300697f165c177cd65f:0,11af89b0096a33005f9eb04d25c3ade0:-1113787150,d1af89b0446a3300f6717c0fa8f948dc:-1464060531,969d0815271a33009575a61862a84d3d:0,516d88d15b1a3300adee103ac32f3994:1111540196,196d88d10c1a3300f109c84d0240fc90:-1464060531,cce8c0dd64d63300a18b5df288e65461:0,68b8449db2d6330008d770aad9b45ff6:1111540196,20b8449d4ed6330017b77031536d66f3:-1464060531,8a78485d34d63300f3ceac66e79a6b12:0,e7c7041d7fd633001a3376ee028be81c:-1113787150,67c7c01da0d63300c0f8f8918af2abf3:-1464060531,65d7937bfd413300d14d2428734c29be:0,92a7573b3041330059660b9aa5626c22:1111540196,5aa7573b92413300f016bc5ed35b501e:-1464060531,b5775bf75f413300e9108f49cda494f0:0,9a471fb73f413300123f8296dcd48bd9:1111540196,52471fb76a41330052fd838b9a9789d6:-1464060531,f8555b3773413300628871041f4d02c2:0,40f41bf3a8413300f317ed9597015c57:-1113787150,04f41bf333413300361e32ff59ef0553:-1464060531,207b8bf72701330075a06757c057026d:0,994b4fb762013300a12567d8dd73ed55:1111540196,514b4fb7490133002e43b69f0662a652:-1464060531,cc1b43b748013300c98f19f9f2f6b66d:0,40ea07771a0133004a1ccb362810b4d1:1111540196,88ea0777d40133006b8cd3b7f3b1dfcd:-1464060531,054f79ef3705330089651c3539fbab51:0,3d5e7d6fd8053300c519f3bb42490981:-1113787150,395e7d6f0c05330037387b4993a0a671:-1464060531,3107b5e3f50533007afd453de45309c8:0,eed6b9a3ce0533007ad3a3afe66a321f:1111540196,a6d6b9a3bd05330080d73f4bec16fb1c:-1464060531,51863d632905330037fcd90ac85cb282:0,2156fd239b05330063e6f21320a6d29c:1111540196,e556fd23fb0533005e7f27e88920d998:-1464060531,6426b1236e0533000093c0a5c29bfafe:0,7195396fbac13300e10115ff33daa7b4:-1113787150,7d95396ff2c13300248b271721619da3:-1464060531,054117117a143300718c288194f3c30c:0,a11197dd87d033005bb45c353ce9392e:1111540196,691197dde3d03300fdaec1476d939b2a:-1464060531,9bb05b9d4fd033004518cf445978a22f:0,6f80db5deed0330052d06a8868432275:1111540196,2780db5d9ed03300f6f07be6ef3b1972:-1464060531,42201f1df2d03300790bb10eefe92a87:0,78e822af171323006cee800839c44a19:-1113787150,3ce822af001323006aa55cc6cd2ca215:-1464060531,3ffb14a008a62300d111e59098a4ed49:0,63cbd460b9a62300717ee7c4fdaac62b:1111540196,63cbd460b3a62300d3a6dc557e1d341b:-1464060531,7eea186c956623003115f87e441ee5a0:0,ff9a182c5e66230090b650d8f411d5cd:-1113787150,b39a182cd7662300266a4e624175b8ca:-1464060531,863b0d96c2422300121d9c5fc1247dce:0,0c1b01963c422300568a80568c4efc3b:1111540196,041b01962a422300966587c7dded7f38:-1464060531,cbea8556274223001aecd1b8c844f39f:0,45ca89163c422300a394df462b03a3db:1111540196,4dca89169e4223000e57066ff9a2ead7:-1464060531,cc9acdd21a4223000ba55c04ef1fb9b9:0,a3ad47e959822300892d7b81033ab8dd:-1113787150,a7ad47e910822300f9ab0dd553bb73d9:-1464060531,5a7687a131822300c858045cae8bcd76:0,c0568b618882230020dd2e528185263d:1111540196,c8568b6187822300e15f0de93fb8a439:-1464060531,29b58b21c482230055ac56fc12a266bb:0,9f858bed7d4223002f9d4d0c323f0044:1111540196,97858bede9422300fc044772ca96f541:-1464060531,ae55cfad4e4223006ac6d13b57d12175:0,1e540b6d27422300068ad121b8a44bd5:-1113787150,02540b6de3422300ad79bf0c113c85d2:-1464060531,06eb777ca1612300613659181f257957:0,febb7b3cc16123004bbd066a417a44e0:1111540196,7ebb7b3c29612300a21662811fbcbcdd:-1464060531,607bbff81461230084e5ee602a77a04a:0,074bf3f8e8612300cd7dcc2e94649940:1111540196,834bf3f876612300e0c5b60adf7f013d:-1464060531,b7dab7b828612300cea6741a3401c53a:0,6719f738bc612300ab0494ad22cdd4a4:-1113787150,2b19f73840612300127440b1cf3ae294:-1464060531,ec899250dca123008572d68e4da25031:0,46391610fba123009e5888eaa089e90a:-1113787150,ce3916103ea12300ecd5632e3dc4f306:-1464060531,73d4f0e5f60123009e0dd15dbb2cda28:0,9c896b26548313005a0915ee6f1322a8:-1113787150,14896b26918313005b51ec7071be61a5:-1464060531,446ff869704f13001e9af0eda124496b:0,f32f3069254f1300fbdded2dd7722c25:-1113787150,732f30693f4f1300760617f104a4a822:-1464060531,69ee7429564f1300c8db755edf1955bc:0,69beb8e5814f1300a4032d101ec20ef1:-1113787150,e5beb8e5064f1300d493c6047531f6ee:-1464060531,fe6eb0a5af4f130019a5af7baa99f789:0,8e8c3425404f1300a49c81bbe50abbf9:-1113787150,4a8c3425734f1300dc51d5d78da013f6:-1464060531,db377aa5db621300595908b6a1510325:0,9907be651362130086c486212fae8918:-1113787150,1907be657c6213004923f6ef7e278d15:-1464060531,a636fe25916213000b0306f2d0f5a950:0,b50636251062130027088bec9847907a:-1113787150,350636259b621300b4ac204b62fc1877:-1464060531,f386ae69682213006a5cef217baa35f4:0,0026226945221300476414a9fe2eb36f:-1113787150,c826226914221300d3e02ccc556d086b:-1464060531,a0748460bc521300ff0ef7314f3a0281:0,6844c820d65213004105c1b52b1142a9:-1113787150,e444c82064521300803614434c6f2da6:-1464060531,46630cec82121300e2fbecbd53f60fa5:0,313340ecfd1213001fd87721842fa5aa:-1113787150,bd3340ecd9121300890f4c68ba9924a6:-1464060531,682200aca0121300052cb2e02cd6688b:0,56518c2c94121300122b1f7ba9d0ce4e:-1113787150,12518c2c52121300968573b66af9b54b:-1464060531,e982d08630c2130026697d715207f96b:0,3952184694c2130090537e09fc1e1fec:-1113787150,b552184602c2130026629231b177cee9:-1464060531,7e1154066ec2130002b37008f5d334fa:0,7ae0d8c286c21300aad71202b40fce31:-1113787150,f6e0d8c2aec21300d7f74be746b8382e:-1464060531,ef8010c2ddc213006f20963d73a5a93a:0,c01e8c02ffc21300111198dc45b22574:-1113787150,8c1e8c022bc213002a51b802c7037d70:-1464060531,f51d52f1de611300f359980f399ceb49:0,89ec56b1e2611300428c47f5495ed4ca:-1113787150,c1ec56b1d06113001faf44212dfa8ebb:-1464060531,e9a79d9f49111300f5b665cac4137a26:0,8a77d19f8611130047bb1203a9cb3f49:-1113787150,8a77d19f6211130021f640c860e72b46:-1464060531,5556515ff51113002c3f1aae0e68eda5:0,8a26d51f89111300f541f3c86ea9147d:-1113787150,8a26d51f721113003a415debd03abe7a:-1464060531,f82595dba611130016776394b8cb788f:0,1c631d5b9c111300dece5b0809d7a893:-1113787150,58631d5bf31113004cca9a10b74efc90:-1464060531,b1b3704b76d11300a20b902f06496fc0:0,3c83b40ba8d11300ca41e73ac7f07bea:-1113787150,3c83b40b15d1130010b6826d918e5ae7:-1464060531,32437cc735d113002d4a4272f19796be:0,1313f0c7d2d113001143225dfd21f702:-1113787150,1313b0c705d11300786e7f3be25a38ff:-1464060531,e3efac07d3d11300a6fee6075fcf31b2:0,8837a0cf0e911300e3b193b130786e31:-1113787150,c437a0cf3a9113004e356cb5def2242e:-1464060531,09f3472af411130077f3d39ebad9fada:0,49c30fe6a9111300e8256ad268aa3e05:-1113787150,4dc30fe605111300265543690ca87402:-1464060531,a683c3e69211130026db1f31a0506f47:0,38530ba61d111300416c22e0a9ee54ed:-1113787150,3c530ba64a111300712e82993d85d5ea:-1464060531,4e03cf66bb111300ee47d0576f7adf07:0,3503cf66871113004f4c5ee557af0302:-673866677&lt;/update_guid_history&gt;&lt;/sys_update_version&gt;&lt;sys_metadata_delete action="INSERT_OR_UPDATE"&gt;&lt;sys_audit_delete/&gt;&lt;sys_class_name&gt;sys_metadata_delete&lt;/sys_class_name&gt;&lt;sys_created_by&gt;system&lt;/sys_created_by&gt;&lt;sys_created_on&gt;2019-11-25 10:53:43&lt;/sys_created_on&gt;&lt;sys_db_object display_value="" name="sys_choice_set"&gt;sys_choice_set&lt;/sys_db_object&gt;&lt;sys_id&gt;a784dbca4f918010dc212f9ca310c794&lt;/sys_id&gt;&lt;sys_metadata&gt;a784dbca4f918010dc212f9ca310c794&lt;/sys_metadata&gt;&lt;sys_mod_count&gt;0&lt;/sys_mod_count&gt;&lt;sys_name&gt;price_type&lt;/sys_name&gt;&lt;sys_package display_value="Hotel Booking Management" source="sn_hbm"&gt;d9777b1153022200dd9e09da43dc3440&lt;/sys_package&gt;&lt;sys_parent/&gt;&lt;sys_policy/&gt;&lt;sys_scope display_value="Hotel Booking Management"&gt;d9777b1153022200dd9e09da43dc3440&lt;/sys_scope&gt;&lt;sys_scope_delete display_value="Hotel Booking Management"&gt;043564813fcc4dfcb55dae5395f40410&lt;/sys_scope_delete&gt;&lt;sys_update_name&gt;sys_choice_sn_hbm_hotel_service_price_type&lt;/sys_update_name&gt;&lt;sys_update_version display_value="sys_choice_sn_hbm_hotel_service_price_type"&gt;d074d3ca4f918010dc212f9ca310c73d&lt;/sys_update_version&gt;&lt;sys_updated_by&gt;system&lt;/sys_updated_by&gt;&lt;sys_updated_on&gt;2019-11-25 10:53:43&lt;/sys_updated_on&gt;&lt;/sys_metadata_delete&gt;&lt;/sys_choice&gt;&lt;/record_update&gt;</payload>
            <payload_hash>678734394</payload_hash>
            <record_name>sn_hbm_hotel_service.price_type</record_name>
            <reverted_from/>
            <source>d3849bca4f918010dc212f9ca310c7f1</source>
            <source_table>sys_update_set</source_table>
            <state>previous</state>
            <sys_created_by>admin</sys_created_by>
            <sys_created_on>2020-01-15 11:22:40</sys_created_on>
            <sys_id>e4548a6a4f1e0c10dc212f9ca310c7c3</sys_id>
            <sys_mod_count>0</sys_mod_count>
            <sys_recorded_at>16fa8f0f0470000001</sys_recorded_at>
            <sys_updated_by>admin</sys_updated_by>
            <sys_updated_on>2020-01-15 11:22:40</sys_updated_on>
            <type>Choice list</type>
            <update_guid>6c548a6af21e0c10bd40117a9cd882c2</update_guid>
            <update_guid_history>6c548a6af21e0c10bd40117a9cd882c2:678734394,28548a6a3f1e0c10bf2a7c72555304be:-1464060531,6794538e739180106a303ed89245099b:0,5874d3cad49180102db5ee318a1f383c:-1113787150,dc74d3cad09180108a3946a9f3054338:-1464060531,64a3df4a459180100aa0677c9c7aeb5a:0,72139b0a1d9180102066e6ce2d739fcb:1111540196,72139b0a2f91801092ca89e57898ccc8:2035008323,9b168802e6e8401065d87998981fa7c7:1111540196,431688020fe840104e3bbfde0feb0cc4:-1464060531,06b50cce1ea8401007feaa28b42f7b95:0,8435c48e77a84010d175cdd553b33251:-1113787150,4835c48e5da8401078511f683623544d:-1464060531,19f68ef4a11c40108098d3e333d31e6b:0,49c642f46c1c4010ab5c7e1288bc1341:1111540196,01c642f40b1c40107aa853ccb00cea3e:-1464060531,efe2c2f0e41c40109ae940f413f2467a:0,282e39bcb0d84010089fa1cb1c3e1def:-1113787150,e82e39bc5bd84010a101ae261fd5aaeb:-1464060531,b8589b7691848010b8ca1cdb188f279e:0,dc289f36eb84801089cc00764c793400:1111540196,dc285f360e848010036d7fcd9b3394f0:-1464060531,2ae597b2b58480103d48023847c2d4cd:0,f10bf6baac048010fcc50bd973e45ac9:-1113787150,b50bf6baeb048010b35b8dfa1a2d97c5:-1464060531,902ca484c1c800106a14d8e69f4c7034:0,6feb2844d8c800106fa1dd3bd6b21be5:1111540196,a7eb284465c8001068696466e86f4bc9:-1464060531,769ba8043fc80010758dc35fb67fb3cb:0,288aac803ec8001044b2c3be5ceda4f1:-1113787150,e88aac80c4c80010750e2aec7366d3ed:-1464060531,c367598686bb330018ea02bb99866bb1:0,b7375d4682bb330070a7b1c4c171203f:1111540196,7f375d46c7bb330003735a8bea3bf43b:-1464060531,77e6dd061cbb3300e6cabbe68762b9d8:0,10c691067cbb33007e782754eca7f5d0:1111540196,d4c69106d7bb3300b4eb72c17d27b7cc:-1464060531,ed6611826ebb3300ae797f2ad90646a4:0,5a361542d2bb33006d1eea8d46f4988d:1111540196,123615424abb3300bcb245a5018a9a8a:-1464060531,a814d58e957b330086a8250d53369a76:0,25b3954e687b3300a3dcabd7e81825ad:-1113787150,e5b3954ecb7b3300a83f2efcfbc831a9:-1464060531,8367f98057733300384d009bd7f60e6f:0,ef37fd403e7333008cfe649bbfa8a608:1111540196,ef37bd40b17333007cd4b46bfcd484f8:-1464060531,59e631403e73330056008c8db9bfb88b:0,6bf5b5cc8333330016495a7b70c3c41a:-1113787150,2ff5b5ccc7333300f9175027ff5f0816:-1464060531,d5c2017b43e3b300469560265a7021ac:0,9992053b34e3b300ba4c1d2e7a704f9c:1111540196,5192053befe3b30090c9eb52657a1899:-1464060531,be818db72ee3b300224b55aabec5ad08:0,d4bf783756e3b300bef132d6cf55f598:-1113787150,98bf783789e3b30014a2078681327194:-1464060531,4973e84ca63a33008dd272e36a4e1616:0,6643ec0c523a3300f3950ba24286d610:1111540196,2e43ec0cb13a3300fd3925c7140cc30c:-1464060531,1592e8c8d83a3300a7a0207ae5d7c1f0:0,c762ec88953a3300def70d20c60c08d6:1111540196,8f62ec88163a33005999c06ad6fd84d2:-1464060531,8730a408b63a33000c610fefad224aea:0,c0aa50c0b53a3300d1336e5a188227f2:-1113787150,84aa50c0373a33007c5e63115b7ffeee:-1464060531,c28fcdc64a227300cfd48db355c862f7:-1113787150,c28fcdc64a227300cfd48db355c862f7:-1113787150,868fcdc608227300b48ad5d49dfd0af3:-1464060531,8fd9a5f0cbea33006cf7c2fa5dae0271:0,e5b9a9b0a0ea3300bdb14fee3338e03e:1111540196,adb9a9b040ea33006362960fa64a9e3a:-1464060531,70b8e17027ea330047d13ec71d402343:0,9788a53084ea33004bcb1a135aef40a3:1111540196,5f88a5304eea3300009b820d45efb49f:-1464060531,5c466d7c1daa33003d367a81ef43889a:0,bfd2e1b8caaa33004d4025a21fcb8b06:-1113787150,73d2e1b86baa33007fa12182b1e97c03:-1464060531,d16195f48b6a3300700c3d77fd73ae10:0,973159b45b6a33001c9fd3b907fdab55:1111540196,973159b41e6a33006405b09704903145:-1464060531,c9015d74216a3300cdb0c316aa494fa7:0,7bd011747d6a3300cc27f62383e7fdc8:1111540196,33d01174026a33004972e1a75045cec5:-1464060531,03ffc9f01b6a3300697f165c177cd65f:0,11af89b0096a33005f9eb04d25c3ade0:-1113787150,d1af89b0446a3300f6717c0fa8f948dc:-1464060531,969d0815271a33009575a61862a84d3d:0,516d88d15b1a3300adee103ac32f3994:1111540196,196d88d10c1a3300f109c84d0240fc90:-1464060531,cce8c0dd64d63300a18b5df288e65461:0,68b8449db2d6330008d770aad9b45ff6:1111540196,20b8449d4ed6330017b77031536d66f3:-1464060531,8a78485d34d63300f3ceac66e79a6b12:0,e7c7041d7fd633001a3376ee028be81c:-1113787150,67c7c01da0d63300c0f8f8918af2abf3:-1464060531,65d7937bfd413300d14d2428734c29be:0,92a7573b3041330059660b9aa5626c22:1111540196,5aa7573b92413300f016bc5ed35b501e:-1464060531,b5775bf75f413300e9108f49cda494f0:0,9a471fb73f413300123f8296dcd48bd9:1111540196,52471fb76a41330052fd838b9a9789d6:-1464060531,f8555b3773413300628871041f4d02c2:0,40f41bf3a8413300f317ed9597015c57:-1113787150,04f41bf333413300361e32ff59ef0553:-1464060531,207b8bf72701330075a06757c057026d:0,994b4fb762013300a12567d8dd73ed55:1111540196,514b4fb7490133002e43b69f0662a652:-1464060531,cc1b43b748013300c98f19f9f2f6b66d:0,40ea07771a0133004a1ccb362810b4d1:1111540196,88ea0777d40133006b8cd3b7f3b1dfcd:-1464060531,054f79ef3705330089651c3539fbab51:0,3d5e7d6fd8053300c519f3bb42490981:-1113787150,395e7d6f0c05330037387b4993a0a671:-1464060531,3107b5e3f50533007afd453de45309c8:0,eed6b9a3ce0533007ad3a3afe66a321f:1111540196,a6d6b9a3bd05330080d73f4bec16fb1c:-1464060531,51863d632905330037fcd90ac85cb282:0,2156fd239b05330063e6f21320a6d29c:1111540196,e556fd23fb0533005e7f27e88920d998:-1464060531,6426b1236e0533000093c0a5c29bfafe:0,7195396fbac13300e10115ff33daa7b4:-1113787150,7d95396ff2c13300248b271721619da3:-1464060531,054117117a143300718c288194f3c30c:0,a11197dd87d033005bb45c353ce9392e:1111540196,691197dde3d03300fdaec1476d939b2a:-1464060531,9bb05b9d4fd033004518cf445978a22f:0,6f80db5deed0330052d06a8868432275:1111540196,2780db5d9ed03300f6f07be6ef3b1972:-1464060531,42201f1df2d03300790bb10eefe92a87:0,78e822af171323006cee800839c44a19:-1113787150,3ce822af001323006aa55cc6cd2ca215:-1464060531,3ffb14a008a62300d111e59098a4ed49:0,63cbd460b9a62300717ee7c4fdaac62b:1111540196,63cbd460b3a62300d3a6dc557e1d341b:-1464060531,7eea186c956623003115f87e441ee5a0:0,ff9a182c5e66230090b650d8f411d5cd:-1113787150,b39a182cd7662300266a4e624175b8ca:-1464060531,863b0d96c2422300121d9c5fc1247dce:0,0c1b01963c422300568a80568c4efc3b:1111540196,041b01962a422300966587c7dded7f38:-1464060531,cbea8556274223001aecd1b8c844f39f:0,45ca89163c422300a394df462b03a3db:1111540196,4dca89169e4223000e57066ff9a2ead7:-1464060531,cc9acdd21a4223000ba55c04ef1fb9b9:0,a3ad47e959822300892d7b81033ab8dd:-1113787150,a7ad47e910822300f9ab0dd553bb73d9:-1464060531,5a7687a131822300c858045cae8bcd76:0,c0568b618882230020dd2e528185263d:1111540196,c8568b6187822300e15f0de93fb8a439:-1464060531,29b58b21c482230055ac56fc12a266bb:0,9f858bed7d4223002f9d4d0c323f0044:1111540196,97858bede9422300fc044772ca96f541:-1464060531,ae55cfad4e4223006ac6d13b57d12175:0,1e540b6d27422300068ad121b8a44bd5:-1113787150,02540b6de3422300ad79bf0c113c85d2:-1464060531,06eb777ca1612300613659181f257957:0,febb7b3cc16123004bbd066a417a44e0:1111540196,7ebb7b3c29612300a21662811fbcbcdd:-1464060531,607bbff81461230084e5ee602a77a04a:0,074bf3f8e8612300cd7dcc2e94649940:1111540196,834bf3f876612300e0c5b60adf7f013d:-1464060531,b7dab7b828612300cea6741a3401c53a:0,6719f738bc612300ab0494ad22cdd4a4:-1113787150,2b19f73840612300127440b1cf3ae294:-1464060531,ec899250dca123008572d68e4da25031:0,46391610fba123009e5888eaa089e90a:-1113787150,ce3916103ea12300ecd5632e3dc4f306:-1464060531,73d4f0e5f60123009e0dd15dbb2cda28:0,9c896b26548313005a0915ee6f1322a8:-1113787150,14896b26918313005b51ec7071be61a5:-1464060531,446ff869704f13001e9af0eda124496b:0,f32f3069254f1300fbdded2dd7722c25:-1113787150,732f30693f4f1300760617f104a4a822:-1464060531,69ee7429564f1300c8db755edf1955bc:0,69beb8e5814f1300a4032d101ec20ef1:-1113787150,e5beb8e5064f1300d493c6047531f6ee:-1464060531,fe6eb0a5af4f130019a5af7baa99f789:0,8e8c3425404f1300a49c81bbe50abbf9:-1113787150,4a8c3425734f1300dc51d5d78da013f6:-1464060531,db377aa5db621300595908b6a1510325:0,9907be651362130086c486212fae8918:-1113787150,1907be657c6213004923f6ef7e278d15:-1464060531,a636fe25916213000b0306f2d0f5a950:0,b50636251062130027088bec9847907a:-1113787150,350636259b621300b4ac204b62fc1877:-1464060531,f386ae69682213006a5cef217baa35f4:0,0026226945221300476414a9fe2eb36f:-1113787150,c826226914221300d3e02ccc556d086b:-1464060531,a0748460bc521300ff0ef7314f3a0281:0,6844c820d65213004105c1b52b1142a9:-1113787150,e444c82064521300803614434c6f2da6:-1464060531,46630cec82121300e2fbecbd53f60fa5:0,313340ecfd1213001fd87721842fa5aa:-1113787150,bd3340ecd9121300890f4c68ba9924a6:-1464060531,682200aca0121300052cb2e02cd6688b:0,56518c2c94121300122b1f7ba9d0ce4e:-1113787150,12518c2c52121300968573b66af9b54b:-1464060531,e982d08630c2130026697d715207f96b:0,3952184694c2130090537e09fc1e1fec:-1113787150,b552184602c2130026629231b177cee9:-1464060531,7e1154066ec2130002b37008f5d334fa:0,7ae0d8c286c21300aad71202b40fce31:-1113787150,f6e0d8c2aec21300d7f74be746b8382e:-1464060531,ef8010c2ddc213006f20963d73a5a93a:0,c01e8c02ffc21300111198dc45b22574:-1113787150,8c1e8c022bc213002a51b802c7037d70:-1464060531,f51d52f1de611300f359980f399ceb49:0,89ec56b1e2611300428c47f5495ed4ca:-1113787150,c1ec56b1d06113001faf44212dfa8ebb:-1464060531,e9a79d9f49111300f5b665cac4137a26:0,8a77d19f8611130047bb1203a9cb3f49:-1113787150,8a77d19f6211130021f640c860e72b46:-1464060531,5556515ff51113002c3f1aae0e68eda5:0,8a26d51f89111300f541f3c86ea9147d:-1113787150,8a26d51f721113003a415debd03abe7a:-1464060531,f82595dba611130016776394b8cb788f:0,1c631d5b9c111300dece5b0809d7a893:-1113787150,58631d5bf31113004cca9a10b74efc90:-1464060531,b1b3704b76d11300a20b902f06496fc0:0,3c83b40ba8d11300ca41e73ac7f07bea:-1113787150,3c83b40b15d1130010b6826d918e5ae7:-1464060531,32437cc735d113002d4a4272f19796be:0,1313f0c7d2d113001143225dfd21f702:-1113787150,1313b0c705d11300786e7f3be25a38ff:-1464060531,e3efac07d3d11300a6fee6075fcf31b2:0,8837a0cf0e911300e3b193b130786e31:-1113787150,c437a0cf3a9113004e356cb5def2242e:-1464060531,09f3472af411130077f3d39ebad9fada:0,49c30fe6a9111300e8256ad268aa3e05:-1113787150,4dc30fe605111300265543690ca87402:-1464060531,a683c3e69211130026db1f31a0506f47:0,38530ba61d111300416c22e0a9ee54ed:-1113787150,3c530ba64a111300712e82993d85d5ea:-1464060531,4e03cf66bb111300ee47d0576f7adf07:0,3503cf66871113004f4c5ee557af0302:-673866677</update_guid_history>
        </sys_update_version>
        <sys_metadata_delete action="INSERT_OR_UPDATE">
            <sys_audit_delete/>
            <sys_class_name>sys_metadata_delete</sys_class_name>
            <sys_created_by>admin</sys_created_by>
            <sys_created_on>2020-01-15 11:24:26</sys_created_on>
            <sys_db_object display_value="" name="sys_choice_set">sys_choice_set</sys_db_object>
            <sys_id>2aa44eaa4f1e0c10dc212f9ca310c747</sys_id>
            <sys_metadata>2aa44eaa4f1e0c10dc212f9ca310c747</sys_metadata>
            <sys_mod_count>0</sys_mod_count>
            <sys_name>price_type</sys_name>
            <sys_package display_value="Hotel Booking Management" source="sn_hbm">d9777b1153022200dd9e09da43dc3440</sys_package>
            <sys_parent/>
            <sys_policy/>
            <sys_scope display_value="Hotel Booking Management">d9777b1153022200dd9e09da43dc3440</sys_scope>
            <sys_scope_delete display_value="">043564813fcc4dfcb55dae5395f40410</sys_scope_delete>
            <sys_update_name>sys_choice_sn_hbm_hotel_service_price_type</sys_update_name>
            <sys_update_version display_value="sys_choice_sn_hbm_hotel_service_price_type">e4548a6a4f1e0c10dc212f9ca310c7c3</sys_update_version>
            <sys_updated_by>admin</sys_updated_by>
            <sys_updated_on>2020-01-15 11:24:26</sys_updated_on>
        </sys_metadata_delete>
    </sys_choice>
    <sys_update_version action="INSERT_OR_UPDATE">
        <action>DELETE</action>
        <application display_value="Hotel Booking Management">d9777b1153022200dd9e09da43dc3440</application>
        <file_path/>
        <instance_id>feceb644db14978460a6f0e5bf9619be</instance_id>
        <instance_name>dev49883</instance_name>
        <name>sys_choice_sn_hbm_hotel_service_price_type</name>
        <payload><![CDATA[<?xml version="1.0" encoding="UTF-8"?><record_update><sys_choice action="DELETE" field="price_type" table="sn_hbm_hotel_service" version="3"><sys_choice_set action="DELETE"><element>price_type</element><name>sn_hbm_hotel_service</name><sys_class_name/><sys_created_by>admin</sys_created_by><sys_created_on/><sys_id>2aa44eaa4f1e0c10dc212f9ca310c747</sys_id><sys_mod_count/><sys_name>price_type</sys_name><sys_package display_value="Hotel Booking Management" source="sn_hbm">d9777b1153022200dd9e09da43dc3440</sys_package><sys_policy/><sys_scope display_value="Hotel Booking Management">d9777b1153022200dd9e09da43dc3440</sys_scope><sys_update_name>sys_choice_sn_hbm_hotel_service_price_type</sys_update_name><sys_updated_by>admin</sys_updated_by><sys_updated_on>2020-01-15 11:25:44</sys_updated_on></sys_choice_set><sys_update_version action="INSERT_OR_UPDATE"><action>DELETE</action><application display_value="Hotel Booking Management">d9777b1153022200dd9e09da43dc3440</application><file_path/><instance_id>feceb644db14978460a6f0e5bf9619be</instance_id><instance_name>dev49883</instance_name><name>sys_choice_sn_hbm_hotel_service_price_type</name><payload>&lt;?xml version="1.0" encoding="UTF-8"?&gt;&lt;record_update&gt;&lt;sys_choice action="DELETE" field="price_type" table="sn_hbm_hotel_service" version="3"&gt;&lt;sys_choice_set action="DELETE"&gt;&lt;element&gt;price_type&lt;/element&gt;&lt;name&gt;sn_hbm_hotel_service&lt;/name&gt;&lt;sys_class_name/&gt;&lt;sys_created_by&gt;system&lt;/sys_created_by&gt;&lt;sys_created_on/&gt;&lt;sys_id&gt;a784dbca4f918010dc212f9ca310c794&lt;/sys_id&gt;&lt;sys_mod_count/&gt;&lt;sys_name&gt;price_type&lt;/sys_name&gt;&lt;sys_package display_value="Hotel Booking Management" source="sn_hbm"&gt;d9777b1153022200dd9e09da43dc3440&lt;/sys_package&gt;&lt;sys_policy/&gt;&lt;sys_scope display_value="Hotel Booking Management"&gt;d9777b1153022200dd9e09da43dc3440&lt;/sys_scope&gt;&lt;sys_update_name&gt;sys_choice_sn_hbm_hotel_service_price_type&lt;/sys_update_name&gt;&lt;sys_updated_by&gt;system&lt;/sys_updated_by&gt;&lt;sys_updated_on&gt;2020-01-15 11:22:40&lt;/sys_updated_on&gt;&lt;/sys_choice_set&gt;&lt;sys_update_version action="INSERT_OR_UPDATE"&gt;&lt;action&gt;DELETE&lt;/action&gt;&lt;application display_value="Hotel Booking Management"&gt;d9777b1153022200dd9e09da43dc3440&lt;/application&gt;&lt;file_path/&gt;&lt;instance_id&gt;feceb644db14978460a6f0e5bf9619be&lt;/instance_id&gt;&lt;instance_name&gt;dev49883&lt;/instance_name&gt;&lt;name&gt;sys_choice_sn_hbm_hotel_service_price_type&lt;/name&gt;&lt;payload&gt;&lt;![CDATA[&lt;?xml version="1.0" encoding="UTF-8"?&gt;&lt;record_update&gt;&lt;sys_choice action="DELETE" field="price_type" table="sn_hbm_hotel_service" version="3"&gt;&lt;sys_choice_set action="DELETE"&gt;&lt;element&gt;price_type&lt;/element&gt;&lt;name&gt;sn_hbm_hotel_service&lt;/name&gt;&lt;sys_class_name/&gt;&lt;sys_created_by&gt;system&lt;/sys_created_by&gt;&lt;sys_created_on/&gt;&lt;sys_id&gt;6c93db4a4f918010dc212f9ca310c7e6&lt;/sys_id&gt;&lt;sys_mod_count/&gt;&lt;sys_name&gt;price_type&lt;/sys_name&gt;&lt;sys_package display_value="Hotel Booking Management" source="sn_hbm"&gt;d9777b1153022200dd9e09da43dc3440&lt;/sys_package&gt;&lt;sys_policy/&gt;&lt;sys_scope display_value="Hotel Booking Management"&gt;d9777b1153022200dd9e09da43dc3440&lt;/sys_scope&gt;&lt;sys_update_name&gt;sys_choice_sn_hbm_hotel_service_price_type&lt;/sys_update_name&gt;&lt;sys_updated_by&gt;system&lt;/sys_updated_by&gt;&lt;sys_updated_on&gt;2019-11-25 10:52:58&lt;/sys_updated_on&gt;&lt;/sys_choice_set&gt;&lt;/sys_choice&gt;&lt;/record_update&gt;]]&gt;&lt;/payload&gt;&lt;payload_hash&gt;-1113787150&lt;/payload_hash&gt;&lt;record_name&gt;sn_hbm_hotel_service.Price type&lt;/record_name&gt;&lt;reverted_from/&gt;&lt;source&gt;8844df4a4f918010dc212f9ca310c74e&lt;/source&gt;&lt;source_table&gt;sys_update_set&lt;/source_table&gt;&lt;state&gt;previous&lt;/state&gt;&lt;sys_created_by&gt;admin&lt;/sys_created_by&gt;&lt;sys_created_on&gt;2019-11-25 10:52:58&lt;/sys_created_on&gt;&lt;sys_id&gt;d074d3ca4f918010dc212f9ca310c73d&lt;/sys_id&gt;&lt;sys_mod_count&gt;0&lt;/sys_mod_count&gt;&lt;sys_recorded_at&gt;16ea2316b520000001&lt;/sys_recorded_at&gt;&lt;sys_updated_by&gt;admin&lt;/sys_updated_by&gt;&lt;sys_updated_on&gt;2019-11-25 10:52:58&lt;/sys_updated_on&gt;&lt;type&gt;Choice list&lt;/type&gt;&lt;update_guid&gt;5874d3cad49180102db5ee318a1f383c&lt;/update_guid&gt;&lt;update_guid_history&gt;5874d3cad49180102db5ee318a1f383c:-1113787150,dc74d3cad09180108a3946a9f3054338:-1464060531,64a3df4a459180100aa0677c9c7aeb5a:0,72139b0a1d9180102066e6ce2d739fcb:1111540196,72139b0a2f91801092ca89e57898ccc8:2035008323,9b168802e6e8401065d87998981fa7c7:1111540196,431688020fe840104e3bbfde0feb0cc4:-1464060531,06b50cce1ea8401007feaa28b42f7b95:0,8435c48e77a84010d175cdd553b33251:-1113787150,4835c48e5da8401078511f683623544d:-1464060531,19f68ef4a11c40108098d3e333d31e6b:0,49c642f46c1c4010ab5c7e1288bc1341:1111540196,01c642f40b1c40107aa853ccb00cea3e:-1464060531,efe2c2f0e41c40109ae940f413f2467a:0,282e39bcb0d84010089fa1cb1c3e1def:-1113787150,e82e39bc5bd84010a101ae261fd5aaeb:-1464060531,b8589b7691848010b8ca1cdb188f279e:0,dc289f36eb84801089cc00764c793400:1111540196,dc285f360e848010036d7fcd9b3394f0:-1464060531,2ae597b2b58480103d48023847c2d4cd:0,f10bf6baac048010fcc50bd973e45ac9:-1113787150,b50bf6baeb048010b35b8dfa1a2d97c5:-1464060531,902ca484c1c800106a14d8e69f4c7034:0,6feb2844d8c800106fa1dd3bd6b21be5:1111540196,a7eb284465c8001068696466e86f4bc9:-1464060531,769ba8043fc80010758dc35fb67fb3cb:0,288aac803ec8001044b2c3be5ceda4f1:-1113787150,e88aac80c4c80010750e2aec7366d3ed:-1464060531,c367598686bb330018ea02bb99866bb1:0,b7375d4682bb330070a7b1c4c171203f:1111540196,7f375d46c7bb330003735a8bea3bf43b:-1464060531,77e6dd061cbb3300e6cabbe68762b9d8:0,10c691067cbb33007e782754eca7f5d0:1111540196,d4c69106d7bb3300b4eb72c17d27b7cc:-1464060531,ed6611826ebb3300ae797f2ad90646a4:0,5a361542d2bb33006d1eea8d46f4988d:1111540196,123615424abb3300bcb245a5018a9a8a:-1464060531,a814d58e957b330086a8250d53369a76:0,25b3954e687b3300a3dcabd7e81825ad:-1113787150,e5b3954ecb7b3300a83f2efcfbc831a9:-1464060531,8367f98057733300384d009bd7f60e6f:0,ef37fd403e7333008cfe649bbfa8a608:1111540196,ef37bd40b17333007cd4b46bfcd484f8:-1464060531,59e631403e73330056008c8db9bfb88b:0,6bf5b5cc8333330016495a7b70c3c41a:-1113787150,2ff5b5ccc7333300f9175027ff5f0816:-1464060531,d5c2017b43e3b300469560265a7021ac:0,9992053b34e3b300ba4c1d2e7a704f9c:1111540196,5192053befe3b30090c9eb52657a1899:-1464060531,be818db72ee3b300224b55aabec5ad08:0,d4bf783756e3b300bef132d6cf55f598:-1113787150,98bf783789e3b30014a2078681327194:-1464060531,4973e84ca63a33008dd272e36a4e1616:0,6643ec0c523a3300f3950ba24286d610:1111540196,2e43ec0cb13a3300fd3925c7140cc30c:-1464060531,1592e8c8d83a3300a7a0207ae5d7c1f0:0,c762ec88953a3300def70d20c60c08d6:1111540196,8f62ec88163a33005999c06ad6fd84d2:-1464060531,8730a408b63a33000c610fefad224aea:0,c0aa50c0b53a3300d1336e5a188227f2:-1113787150,84aa50c0373a33007c5e63115b7ffeee:-1464060531,c28fcdc64a227300cfd48db355c862f7:-1113787150,c28fcdc64a227300cfd48db355c862f7:-1113787150,868fcdc608227300b48ad5d49dfd0af3:-1464060531,8fd9a5f0cbea33006cf7c2fa5dae0271:0,e5b9a9b0a0ea3300bdb14fee3338e03e:1111540196,adb9a9b040ea33006362960fa64a9e3a:-1464060531,70b8e17027ea330047d13ec71d402343:0,9788a53084ea33004bcb1a135aef40a3:1111540196,5f88a5304eea3300009b820d45efb49f:-1464060531,5c466d7c1daa33003d367a81ef43889a:0,bfd2e1b8caaa33004d4025a21fcb8b06:-1113787150,73d2e1b86baa33007fa12182b1e97c03:-1464060531,d16195f48b6a3300700c3d77fd73ae10:0,973159b45b6a33001c9fd3b907fdab55:1111540196,973159b41e6a33006405b09704903145:-1464060531,c9015d74216a3300cdb0c316aa494fa7:0,7bd011747d6a3300cc27f62383e7fdc8:1111540196,33d01174026a33004972e1a75045cec5:-1464060531,03ffc9f01b6a3300697f165c177cd65f:0,11af89b0096a33005f9eb04d25c3ade0:-1113787150,d1af89b0446a3300f6717c0fa8f948dc:-1464060531,969d0815271a33009575a61862a84d3d:0,516d88d15b1a3300adee103ac32f3994:1111540196,196d88d10c1a3300f109c84d0240fc90:-1464060531,cce8c0dd64d63300a18b5df288e65461:0,68b8449db2d6330008d770aad9b45ff6:1111540196,20b8449d4ed6330017b77031536d66f3:-1464060531,8a78485d34d63300f3ceac66e79a6b12:0,e7c7041d7fd633001a3376ee028be81c:-1113787150,67c7c01da0d63300c0f8f8918af2abf3:-1464060531,65d7937bfd413300d14d2428734c29be:0,92a7573b3041330059660b9aa5626c22:1111540196,5aa7573b92413300f016bc5ed35b501e:-1464060531,b5775bf75f413300e9108f49cda494f0:0,9a471fb73f413300123f8296dcd48bd9:1111540196,52471fb76a41330052fd838b9a9789d6:-1464060531,f8555b3773413300628871041f4d02c2:0,40f41bf3a8413300f317ed9597015c57:-1113787150,04f41bf333413300361e32ff59ef0553:-1464060531,207b8bf72701330075a06757c057026d:0,994b4fb762013300a12567d8dd73ed55:1111540196,514b4fb7490133002e43b69f0662a652:-1464060531,cc1b43b748013300c98f19f9f2f6b66d:0,40ea07771a0133004a1ccb362810b4d1:1111540196,88ea0777d40133006b8cd3b7f3b1dfcd:-1464060531,054f79ef3705330089651c3539fbab51:0,3d5e7d6fd8053300c519f3bb42490981:-1113787150,395e7d6f0c05330037387b4993a0a671:-1464060531,3107b5e3f50533007afd453de45309c8:0,eed6b9a3ce0533007ad3a3afe66a321f:1111540196,a6d6b9a3bd05330080d73f4bec16fb1c:-1464060531,51863d632905330037fcd90ac85cb282:0,2156fd239b05330063e6f21320a6d29c:1111540196,e556fd23fb0533005e7f27e88920d998:-1464060531,6426b1236e0533000093c0a5c29bfafe:0,7195396fbac13300e10115ff33daa7b4:-1113787150,7d95396ff2c13300248b271721619da3:-1464060531,054117117a143300718c288194f3c30c:0,a11197dd87d033005bb45c353ce9392e:1111540196,691197dde3d03300fdaec1476d939b2a:-1464060531,9bb05b9d4fd033004518cf445978a22f:0,6f80db5deed0330052d06a8868432275:1111540196,2780db5d9ed03300f6f07be6ef3b1972:-1464060531,42201f1df2d03300790bb10eefe92a87:0,78e822af171323006cee800839c44a19:-1113787150,3ce822af001323006aa55cc6cd2ca215:-1464060531,3ffb14a008a62300d111e59098a4ed49:0,63cbd460b9a62300717ee7c4fdaac62b:1111540196,63cbd460b3a62300d3a6dc557e1d341b:-1464060531,7eea186c956623003115f87e441ee5a0:0,ff9a182c5e66230090b650d8f411d5cd:-1113787150,b39a182cd7662300266a4e624175b8ca:-1464060531,863b0d96c2422300121d9c5fc1247dce:0,0c1b01963c422300568a80568c4efc3b:1111540196,041b01962a422300966587c7dded7f38:-1464060531,cbea8556274223001aecd1b8c844f39f:0,45ca89163c422300a394df462b03a3db:1111540196,4dca89169e4223000e57066ff9a2ead7:-1464060531,cc9acdd21a4223000ba55c04ef1fb9b9:0,a3ad47e959822300892d7b81033ab8dd:-1113787150,a7ad47e910822300f9ab0dd553bb73d9:-1464060531,5a7687a131822300c858045cae8bcd76:0,c0568b618882230020dd2e528185263d:1111540196,c8568b6187822300e15f0de93fb8a439:-1464060531,29b58b21c482230055ac56fc12a266bb:0,9f858bed7d4223002f9d4d0c323f0044:1111540196,97858bede9422300fc044772ca96f541:-1464060531,ae55cfad4e4223006ac6d13b57d12175:0,1e540b6d27422300068ad121b8a44bd5:-1113787150,02540b6de3422300ad79bf0c113c85d2:-1464060531,06eb777ca1612300613659181f257957:0,febb7b3cc16123004bbd066a417a44e0:1111540196,7ebb7b3c29612300a21662811fbcbcdd:-1464060531,607bbff81461230084e5ee602a77a04a:0,074bf3f8e8612300cd7dcc2e94649940:1111540196,834bf3f876612300e0c5b60adf7f013d:-1464060531,b7dab7b828612300cea6741a3401c53a:0,6719f738bc612300ab0494ad22cdd4a4:-1113787150,2b19f73840612300127440b1cf3ae294:-1464060531,ec899250dca123008572d68e4da25031:0,46391610fba123009e5888eaa089e90a:-1113787150,ce3916103ea12300ecd5632e3dc4f306:-1464060531,73d4f0e5f60123009e0dd15dbb2cda28:0,9c896b26548313005a0915ee6f1322a8:-1113787150,14896b26918313005b51ec7071be61a5:-1464060531,446ff869704f13001e9af0eda124496b:0,f32f3069254f1300fbdded2dd7722c25:-1113787150,732f30693f4f1300760617f104a4a822:-1464060531,69ee7429564f1300c8db755edf1955bc:0,69beb8e5814f1300a4032d101ec20ef1:-1113787150,e5beb8e5064f1300d493c6047531f6ee:-1464060531,fe6eb0a5af4f130019a5af7baa99f789:0,8e8c3425404f1300a49c81bbe50abbf9:-1113787150,4a8c3425734f1300dc51d5d78da013f6:-1464060531,db377aa5db621300595908b6a1510325:0,9907be651362130086c486212fae8918:-1113787150,1907be657c6213004923f6ef7e278d15:-1464060531,a636fe25916213000b0306f2d0f5a950:0,b50636251062130027088bec9847907a:-1113787150,350636259b621300b4ac204b62fc1877:-1464060531,f386ae69682213006a5cef217baa35f4:0,0026226945221300476414a9fe2eb36f:-1113787150,c826226914221300d3e02ccc556d086b:-1464060531,a0748460bc521300ff0ef7314f3a0281:0,6844c820d65213004105c1b52b1142a9:-1113787150,e444c82064521300803614434c6f2da6:-1464060531,46630cec82121300e2fbecbd53f60fa5:0,313340ecfd1213001fd87721842fa5aa:-1113787150,bd3340ecd9121300890f4c68ba9924a6:-1464060531,682200aca0121300052cb2e02cd6688b:0,56518c2c94121300122b1f7ba9d0ce4e:-1113787150,12518c2c52121300968573b66af9b54b:-1464060531,e982d08630c2130026697d715207f96b:0,3952184694c2130090537e09fc1e1fec:-1113787150,b552184602c2130026629231b177cee9:-1464060531,7e1154066ec2130002b37008f5d334fa:0,7ae0d8c286c21300aad71202b40fce31:-1113787150,f6e0d8c2aec21300d7f74be746b8382e:-1464060531,ef8010c2ddc213006f20963d73a5a93a:0,c01e8c02ffc21300111198dc45b22574:-1113787150,8c1e8c022bc213002a51b802c7037d70:-1464060531,f51d52f1de611300f359980f399ceb49:0,89ec56b1e2611300428c47f5495ed4ca:-1113787150,c1ec56b1d06113001faf44212dfa8ebb:-1464060531,e9a79d9f49111300f5b665cac4137a26:0,8a77d19f8611130047bb1203a9cb3f49:-1113787150,8a77d19f6211130021f640c860e72b46:-1464060531,5556515ff51113002c3f1aae0e68eda5:0,8a26d51f89111300f541f3c86ea9147d:-1113787150,8a26d51f721113003a415debd03abe7a:-1464060531,f82595dba611130016776394b8cb788f:0,1c631d5b9c111300dece5b0809d7a893:-1113787150,58631d5bf31113004cca9a10b74efc90:-1464060531,b1b3704b76d11300a20b902f06496fc0:0,3c83b40ba8d11300ca41e73ac7f07bea:-1113787150,3c83b40b15d1130010b6826d918e5ae7:-1464060531,32437cc735d113002d4a4272f19796be:0,1313f0c7d2d113001143225dfd21f702:-1113787150,1313b0c705d11300786e7f3be25a38ff:-1464060531,e3efac07d3d11300a6fee6075fcf31b2:0,8837a0cf0e911300e3b193b130786e31:-1113787150,c437a0cf3a9113004e356cb5def2242e:-1464060531,09f3472af411130077f3d39ebad9fada:0,49c30fe6a9111300e8256ad268aa3e05:-1113787150,4dc30fe605111300265543690ca87402:-1464060531,a683c3e69211130026db1f31a0506f47:0,38530ba61d111300416c22e0a9ee54ed:-1113787150,3c530ba64a111300712e82993d85d5ea:-1464060531,4e03cf66bb111300ee47d0576f7adf07:0,3503cf66871113004f4c5ee557af0302:-673866677&lt;/update_guid_history&gt;&lt;/sys_update_version&gt;&lt;sys_metadata_delete action="INSERT_OR_UPDATE"&gt;&lt;sys_audit_delete/&gt;&lt;sys_class_name&gt;sys_metadata_delete&lt;/sys_class_name&gt;&lt;sys_created_by&gt;system&lt;/sys_created_by&gt;&lt;sys_created_on&gt;2019-11-25 10:53:43&lt;/sys_created_on&gt;&lt;sys_db_object display_value="" name="sys_choice_set"&gt;sys_choice_set&lt;/sys_db_object&gt;&lt;sys_id&gt;a784dbca4f918010dc212f9ca310c794&lt;/sys_id&gt;&lt;sys_metadata&gt;a784dbca4f918010dc212f9ca310c794&lt;/sys_metadata&gt;&lt;sys_mod_count&gt;0&lt;/sys_mod_count&gt;&lt;sys_name&gt;price_type&lt;/sys_name&gt;&lt;sys_package display_value="Hotel Booking Management" source="sn_hbm"&gt;d9777b1153022200dd9e09da43dc3440&lt;/sys_package&gt;&lt;sys_parent/&gt;&lt;sys_policy/&gt;&lt;sys_scope display_value="Hotel Booking Management"&gt;d9777b1153022200dd9e09da43dc3440&lt;/sys_scope&gt;&lt;sys_scope_delete display_value="Hotel Booking Management"&gt;043564813fcc4dfcb55dae5395f40410&lt;/sys_scope_delete&gt;&lt;sys_update_name&gt;sys_choice_sn_hbm_hotel_service_price_type&lt;/sys_update_name&gt;&lt;sys_update_version display_value="sys_choice_sn_hbm_hotel_service_price_type"&gt;d074d3ca4f918010dc212f9ca310c73d&lt;/sys_update_version&gt;&lt;sys_updated_by&gt;system&lt;/sys_updated_by&gt;&lt;sys_updated_on&gt;2019-11-25 10:53:43&lt;/sys_updated_on&gt;&lt;/sys_metadata_delete&gt;&lt;/sys_choice&gt;&lt;/record_update&gt;</payload><payload_hash>678734394</payload_hash><record_name>sn_hbm_hotel_service.price_type</record_name><reverted_from/><source>d3849bca4f918010dc212f9ca310c7f1</source><source_table>sys_update_set</source_table><state>previous</state><sys_created_by>admin</sys_created_by><sys_created_on>2020-01-15 11:22:40</sys_created_on><sys_id>e4548a6a4f1e0c10dc212f9ca310c7c3</sys_id><sys_mod_count>0</sys_mod_count><sys_recorded_at>16fa8f0f0470000001</sys_recorded_at><sys_updated_by>admin</sys_updated_by><sys_updated_on>2020-01-15 11:22:40</sys_updated_on><type>Choice list</type><update_guid>6c548a6af21e0c10bd40117a9cd882c2</update_guid><update_guid_history>6c548a6af21e0c10bd40117a9cd882c2:678734394,28548a6a3f1e0c10bf2a7c72555304be:-1464060531,6794538e739180106a303ed89245099b:0,5874d3cad49180102db5ee318a1f383c:-1113787150,dc74d3cad09180108a3946a9f3054338:-1464060531,64a3df4a459180100aa0677c9c7aeb5a:0,72139b0a1d9180102066e6ce2d739fcb:1111540196,72139b0a2f91801092ca89e57898ccc8:2035008323,9b168802e6e8401065d87998981fa7c7:1111540196,431688020fe840104e3bbfde0feb0cc4:-1464060531,06b50cce1ea8401007feaa28b42f7b95:0,8435c48e77a84010d175cdd553b33251:-1113787150,4835c48e5da8401078511f683623544d:-1464060531,19f68ef4a11c40108098d3e333d31e6b:0,49c642f46c1c4010ab5c7e1288bc1341:1111540196,01c642f40b1c40107aa853ccb00cea3e:-1464060531,efe2c2f0e41c40109ae940f413f2467a:0,282e39bcb0d84010089fa1cb1c3e1def:-1113787150,e82e39bc5bd84010a101ae261fd5aaeb:-1464060531,b8589b7691848010b8ca1cdb188f279e:0,dc289f36eb84801089cc00764c793400:1111540196,dc285f360e848010036d7fcd9b3394f0:-1464060531,2ae597b2b58480103d48023847c2d4cd:0,f10bf6baac048010fcc50bd973e45ac9:-1113787150,b50bf6baeb048010b35b8dfa1a2d97c5:-1464060531,902ca484c1c800106a14d8e69f4c7034:0,6feb2844d8c800106fa1dd3bd6b21be5:1111540196,a7eb284465c8001068696466e86f4bc9:-1464060531,769ba8043fc80010758dc35fb67fb3cb:0,288aac803ec8001044b2c3be5ceda4f1:-1113787150,e88aac80c4c80010750e2aec7366d3ed:-1464060531,c367598686bb330018ea02bb99866bb1:0,b7375d4682bb330070a7b1c4c171203f:1111540196,7f375d46c7bb330003735a8bea3bf43b:-1464060531,77e6dd061cbb3300e6cabbe68762b9d8:0,10c691067cbb33007e782754eca7f5d0:1111540196,d4c69106d7bb3300b4eb72c17d27b7cc:-1464060531,ed6611826ebb3300ae797f2ad90646a4:0,5a361542d2bb33006d1eea8d46f4988d:1111540196,123615424abb3300bcb245a5018a9a8a:-1464060531,a814d58e957b330086a8250d53369a76:0,25b3954e687b3300a3dcabd7e81825ad:-1113787150,e5b3954ecb7b3300a83f2efcfbc831a9:-1464060531,8367f98057733300384d009bd7f60e6f:0,ef37fd403e7333008cfe649bbfa8a608:1111540196,ef37bd40b17333007cd4b46bfcd484f8:-1464060531,59e631403e73330056008c8db9bfb88b:0,6bf5b5cc8333330016495a7b70c3c41a:-1113787150,2ff5b5ccc7333300f9175027ff5f0816:-1464060531,d5c2017b43e3b300469560265a7021ac:0,9992053b34e3b300ba4c1d2e7a704f9c:1111540196,5192053befe3b30090c9eb52657a1899:-1464060531,be818db72ee3b300224b55aabec5ad08:0,d4bf783756e3b300bef132d6cf55f598:-1113787150,98bf783789e3b30014a2078681327194:-1464060531,4973e84ca63a33008dd272e36a4e1616:0,6643ec0c523a3300f3950ba24286d610:1111540196,2e43ec0cb13a3300fd3925c7140cc30c:-1464060531,1592e8c8d83a3300a7a0207ae5d7c1f0:0,c762ec88953a3300def70d20c60c08d6:1111540196,8f62ec88163a33005999c06ad6fd84d2:-1464060531,8730a408b63a33000c610fefad224aea:0,c0aa50c0b53a3300d1336e5a188227f2:-1113787150,84aa50c0373a33007c5e63115b7ffeee:-1464060531,c28fcdc64a227300cfd48db355c862f7:-1113787150,c28fcdc64a227300cfd48db355c862f7:-1113787150,868fcdc608227300b48ad5d49dfd0af3:-1464060531,8fd9a5f0cbea33006cf7c2fa5dae0271:0,e5b9a9b0a0ea3300bdb14fee3338e03e:1111540196,adb9a9b040ea33006362960fa64a9e3a:-1464060531,70b8e17027ea330047d13ec71d402343:0,9788a53084ea33004bcb1a135aef40a3:1111540196,5f88a5304eea3300009b820d45efb49f:-1464060531,5c466d7c1daa33003d367a81ef43889a:0,bfd2e1b8caaa33004d4025a21fcb8b06:-1113787150,73d2e1b86baa33007fa12182b1e97c03:-1464060531,d16195f48b6a3300700c3d77fd73ae10:0,973159b45b6a33001c9fd3b907fdab55:1111540196,973159b41e6a33006405b09704903145:-1464060531,c9015d74216a3300cdb0c316aa494fa7:0,7bd011747d6a3300cc27f62383e7fdc8:1111540196,33d01174026a33004972e1a75045cec5:-1464060531,03ffc9f01b6a3300697f165c177cd65f:0,11af89b0096a33005f9eb04d25c3ade0:-1113787150,d1af89b0446a3300f6717c0fa8f948dc:-1464060531,969d0815271a33009575a61862a84d3d:0,516d88d15b1a3300adee103ac32f3994:1111540196,196d88d10c1a3300f109c84d0240fc90:-1464060531,cce8c0dd64d63300a18b5df288e65461:0,68b8449db2d6330008d770aad9b45ff6:1111540196,20b8449d4ed6330017b77031536d66f3:-1464060531,8a78485d34d63300f3ceac66e79a6b12:0,e7c7041d7fd633001a3376ee028be81c:-1113787150,67c7c01da0d63300c0f8f8918af2abf3:-1464060531,65d7937bfd413300d14d2428734c29be:0,92a7573b3041330059660b9aa5626c22:1111540196,5aa7573b92413300f016bc5ed35b501e:-1464060531,b5775bf75f413300e9108f49cda494f0:0,9a471fb73f413300123f8296dcd48bd9:1111540196,52471fb76a41330052fd838b9a9789d6:-1464060531,f8555b3773413300628871041f4d02c2:0,40f41bf3a8413300f317ed9597015c57:-1113787150,04f41bf333413300361e32ff59ef0553:-1464060531,207b8bf72701330075a06757c057026d:0,994b4fb762013300a12567d8dd73ed55:1111540196,514b4fb7490133002e43b69f0662a652:-1464060531,cc1b43b748013300c98f19f9f2f6b66d:0,40ea07771a0133004a1ccb362810b4d1:1111540196,88ea0777d40133006b8cd3b7f3b1dfcd:-1464060531,054f79ef3705330089651c3539fbab51:0,3d5e7d6fd8053300c519f3bb42490981:-1113787150,395e7d6f0c05330037387b4993a0a671:-1464060531,3107b5e3f50533007afd453de45309c8:0,eed6b9a3ce0533007ad3a3afe66a321f:1111540196,a6d6b9a3bd05330080d73f4bec16fb1c:-1464060531,51863d632905330037fcd90ac85cb282:0,2156fd239b05330063e6f21320a6d29c:1111540196,e556fd23fb0533005e7f27e88920d998:-1464060531,6426b1236e0533000093c0a5c29bfafe:0,7195396fbac13300e10115ff33daa7b4:-1113787150,7d95396ff2c13300248b271721619da3:-1464060531,054117117a143300718c288194f3c30c:0,a11197dd87d033005bb45c353ce9392e:1111540196,691197dde3d03300fdaec1476d939b2a:-1464060531,9bb05b9d4fd033004518cf445978a22f:0,6f80db5deed0330052d06a8868432275:1111540196,2780db5d9ed03300f6f07be6ef3b1972:-1464060531,42201f1df2d03300790bb10eefe92a87:0,78e822af171323006cee800839c44a19:-1113787150,3ce822af001323006aa55cc6cd2ca215:-1464060531,3ffb14a008a62300d111e59098a4ed49:0,63cbd460b9a62300717ee7c4fdaac62b:1111540196,63cbd460b3a62300d3a6dc557e1d341b:-1464060531,7eea186c956623003115f87e441ee5a0:0,ff9a182c5e66230090b650d8f411d5cd:-1113787150,b39a182cd7662300266a4e624175b8ca:-1464060531,863b0d96c2422300121d9c5fc1247dce:0,0c1b01963c422300568a80568c4efc3b:1111540196,041b01962a422300966587c7dded7f38:-1464060531,cbea8556274223001aecd1b8c844f39f:0,45ca89163c422300a394df462b03a3db:1111540196,4dca89169e4223000e57066ff9a2ead7:-1464060531,cc9acdd21a4223000ba55c04ef1fb9b9:0,a3ad47e959822300892d7b81033ab8dd:-1113787150,a7ad47e910822300f9ab0dd553bb73d9:-1464060531,5a7687a131822300c858045cae8bcd76:0,c0568b618882230020dd2e528185263d:1111540196,c8568b6187822300e15f0de93fb8a439:-1464060531,29b58b21c482230055ac56fc12a266bb:0,9f858bed7d4223002f9d4d0c323f0044:1111540196,97858bede9422300fc044772ca96f541:-1464060531,ae55cfad4e4223006ac6d13b57d12175:0,1e540b6d27422300068ad121b8a44bd5:-1113787150,02540b6de3422300ad79bf0c113c85d2:-1464060531,06eb777ca1612300613659181f257957:0,febb7b3cc16123004bbd066a417a44e0:1111540196,7ebb7b3c29612300a21662811fbcbcdd:-1464060531,607bbff81461230084e5ee602a77a04a:0,074bf3f8e8612300cd7dcc2e94649940:1111540196,834bf3f876612300e0c5b60adf7f013d:-1464060531,b7dab7b828612300cea6741a3401c53a:0,6719f738bc612300ab0494ad22cdd4a4:-1113787150,2b19f73840612300127440b1cf3ae294:-1464060531,ec899250dca123008572d68e4da25031:0,46391610fba123009e5888eaa089e90a:-1113787150,ce3916103ea12300ecd5632e3dc4f306:-1464060531,73d4f0e5f60123009e0dd15dbb2cda28:0,9c896b26548313005a0915ee6f1322a8:-1113787150,14896b26918313005b51ec7071be61a5:-1464060531,446ff869704f13001e9af0eda124496b:0,f32f3069254f1300fbdded2dd7722c25:-1113787150,732f30693f4f1300760617f104a4a822:-1464060531,69ee7429564f1300c8db755edf1955bc:0,69beb8e5814f1300a4032d101ec20ef1:-1113787150,e5beb8e5064f1300d493c6047531f6ee:-1464060531,fe6eb0a5af4f130019a5af7baa99f789:0,8e8c3425404f1300a49c81bbe50abbf9:-1113787150,4a8c3425734f1300dc51d5d78da013f6:-1464060531,db377aa5db621300595908b6a1510325:0,9907be651362130086c486212fae8918:-1113787150,1907be657c6213004923f6ef7e278d15:-1464060531,a636fe25916213000b0306f2d0f5a950:0,b50636251062130027088bec9847907a:-1113787150,350636259b621300b4ac204b62fc1877:-1464060531,f386ae69682213006a5cef217baa35f4:0,0026226945221300476414a9fe2eb36f:-1113787150,c826226914221300d3e02ccc556d086b:-1464060531,a0748460bc521300ff0ef7314f3a0281:0,6844c820d65213004105c1b52b1142a9:-1113787150,e444c82064521300803614434c6f2da6:-1464060531,46630cec82121300e2fbecbd53f60fa5:0,313340ecfd1213001fd87721842fa5aa:-1113787150,bd3340ecd9121300890f4c68ba9924a6:-1464060531,682200aca0121300052cb2e02cd6688b:0,56518c2c94121300122b1f7ba9d0ce4e:-1113787150,12518c2c52121300968573b66af9b54b:-1464060531,e982d08630c2130026697d715207f96b:0,3952184694c2130090537e09fc1e1fec:-1113787150,b552184602c2130026629231b177cee9:-1464060531,7e1154066ec2130002b37008f5d334fa:0,7ae0d8c286c21300aad71202b40fce31:-1113787150,f6e0d8c2aec21300d7f74be746b8382e:-1464060531,ef8010c2ddc213006f20963d73a5a93a:0,c01e8c02ffc21300111198dc45b22574:-1113787150,8c1e8c022bc213002a51b802c7037d70:-1464060531,f51d52f1de611300f359980f399ceb49:0,89ec56b1e2611300428c47f5495ed4ca:-1113787150,c1ec56b1d06113001faf44212dfa8ebb:-1464060531,e9a79d9f49111300f5b665cac4137a26:0,8a77d19f8611130047bb1203a9cb3f49:-1113787150,8a77d19f6211130021f640c860e72b46:-1464060531,5556515ff51113002c3f1aae0e68eda5:0,8a26d51f89111300f541f3c86ea9147d:-1113787150,8a26d51f721113003a415debd03abe7a:-1464060531,f82595dba611130016776394b8cb788f:0,1c631d5b9c111300dece5b0809d7a893:-1113787150,58631d5bf31113004cca9a10b74efc90:-1464060531,b1b3704b76d11300a20b902f06496fc0:0,3c83b40ba8d11300ca41e73ac7f07bea:-1113787150,3c83b40b15d1130010b6826d918e5ae7:-1464060531,32437cc735d113002d4a4272f19796be:0,1313f0c7d2d113001143225dfd21f702:-1113787150,1313b0c705d11300786e7f3be25a38ff:-1464060531,e3efac07d3d11300a6fee6075fcf31b2:0,8837a0cf0e911300e3b193b130786e31:-1113787150,c437a0cf3a9113004e356cb5def2242e:-1464060531,09f3472af411130077f3d39ebad9fada:0,49c30fe6a9111300e8256ad268aa3e05:-1113787150,4dc30fe605111300265543690ca87402:-1464060531,a683c3e69211130026db1f31a0506f47:0,38530ba61d111300416c22e0a9ee54ed:-1113787150,3c530ba64a111300712e82993d85d5ea:-1464060531,4e03cf66bb111300ee47d0576f7adf07:0,3503cf66871113004f4c5ee557af0302:-673866677</update_guid_history></sys_update_version><sys_metadata_delete action="INSERT_OR_UPDATE"><sys_audit_delete/><sys_class_name>sys_metadata_delete</sys_class_name><sys_created_by>admin</sys_created_by><sys_created_on>2020-01-15 11:24:26</sys_created_on><sys_db_object display_value="" name="sys_choice_set">sys_choice_set</sys_db_object><sys_id>2aa44eaa4f1e0c10dc212f9ca310c747</sys_id><sys_metadata>2aa44eaa4f1e0c10dc212f9ca310c747</sys_metadata><sys_mod_count>0</sys_mod_count><sys_name>price_type</sys_name><sys_package display_value="Hotel Booking Management" source="sn_hbm">d9777b1153022200dd9e09da43dc3440</sys_package><sys_parent/><sys_policy/><sys_scope display_value="Hotel Booking Management">d9777b1153022200dd9e09da43dc3440</sys_scope><sys_scope_delete display_value="">043564813fcc4dfcb55dae5395f40410</sys_scope_delete><sys_update_name>sys_choice_sn_hbm_hotel_service_price_type</sys_update_name><sys_update_version display_value="sys_choice_sn_hbm_hotel_service_price_type">e4548a6a4f1e0c10dc212f9ca310c7c3</sys_update_version><sys_updated_by>admin</sys_updated_by><sys_updated_on>2020-01-15 11:24:26</sys_updated_on></sys_metadata_delete></sys_choice></record_update>]]></payload>
        <payload_hash>-877507064</payload_hash>
        <record_name>sn_hbm_hotel_service.price_type</record_name>
        <reverted_from/>
        <source>c6d4c6aa4f1e0c10dc212f9ca310c73c</source>
        <source_table>sys_update_set</source_table>
        <state>previous</state>
        <sys_created_by>admin</sys_created_by>
        <sys_created_on>2020-01-15 11:25:44</sys_created_on>
        <sys_id>2505c22e4f1e0c10dc212f9ca310c78c</sys_id>
        <sys_mod_count>0</sys_mod_count>
        <sys_recorded_at>16fa8f3bf090000001</sys_recorded_at>
        <sys_updated_by>admin</sys_updated_by>
        <sys_updated_on>2020-01-15 11:25:44</sys_updated_on>
        <type>Choice list</type>
        <update_guid>a905c22ea21e0c10a06461ad026e2c8b</update_guid>
        <update_guid_history>a905c22ea21e0c10a06461ad026e2c8b:-877507064,2905c22eae1e0c108bb766da3a05e487:-1464060531,aab442eae61e0c10f1811bc9f84df359:0,6c548a6af21e0c10bd40117a9cd882c2:678734394,28548a6a3f1e0c10bf2a7c72555304be:-1464060531,6794538e739180106a303ed89245099b:0,5874d3cad49180102db5ee318a1f383c:-1113787150,dc74d3cad09180108a3946a9f3054338:-1464060531,64a3df4a459180100aa0677c9c7aeb5a:0,72139b0a1d9180102066e6ce2d739fcb:1111540196,72139b0a2f91801092ca89e57898ccc8:2035008323,9b168802e6e8401065d87998981fa7c7:1111540196,431688020fe840104e3bbfde0feb0cc4:-1464060531,06b50cce1ea8401007feaa28b42f7b95:0,8435c48e77a84010d175cdd553b33251:-1113787150,4835c48e5da8401078511f683623544d:-1464060531,19f68ef4a11c40108098d3e333d31e6b:0,49c642f46c1c4010ab5c7e1288bc1341:1111540196,01c642f40b1c40107aa853ccb00cea3e:-1464060531,efe2c2f0e41c40109ae940f413f2467a:0,282e39bcb0d84010089fa1cb1c3e1def:-1113787150,e82e39bc5bd84010a101ae261fd5aaeb:-1464060531,b8589b7691848010b8ca1cdb188f279e:0,dc289f36eb84801089cc00764c793400:1111540196,dc285f360e848010036d7fcd9b3394f0:-1464060531,2ae597b2b58480103d48023847c2d4cd:0,f10bf6baac048010fcc50bd973e45ac9:-1113787150,b50bf6baeb048010b35b8dfa1a2d97c5:-1464060531,902ca484c1c800106a14d8e69f4c7034:0,6feb2844d8c800106fa1dd3bd6b21be5:1111540196,a7eb284465c8001068696466e86f4bc9:-1464060531,769ba8043fc80010758dc35fb67fb3cb:0,288aac803ec8001044b2c3be5ceda4f1:-1113787150,e88aac80c4c80010750e2aec7366d3ed:-1464060531,c367598686bb330018ea02bb99866bb1:0,b7375d4682bb330070a7b1c4c171203f:1111540196,7f375d46c7bb330003735a8bea3bf43b:-1464060531,77e6dd061cbb3300e6cabbe68762b9d8:0,10c691067cbb33007e782754eca7f5d0:1111540196,d4c69106d7bb3300b4eb72c17d27b7cc:-1464060531,ed6611826ebb3300ae797f2ad90646a4:0,5a361542d2bb33006d1eea8d46f4988d:1111540196,123615424abb3300bcb245a5018a9a8a:-1464060531,a814d58e957b330086a8250d53369a76:0,25b3954e687b3300a3dcabd7e81825ad:-1113787150,e5b3954ecb7b3300a83f2efcfbc831a9:-1464060531,8367f98057733300384d009bd7f60e6f:0,ef37fd403e7333008cfe649bbfa8a608:1111540196,ef37bd40b17333007cd4b46bfcd484f8:-1464060531,59e631403e73330056008c8db9bfb88b:0,6bf5b5cc8333330016495a7b70c3c41a:-1113787150,2ff5b5ccc7333300f9175027ff5f0816:-1464060531,d5c2017b43e3b300469560265a7021ac:0,9992053b34e3b300ba4c1d2e7a704f9c:1111540196,5192053befe3b30090c9eb52657a1899:-1464060531,be818db72ee3b300224b55aabec5ad08:0,d4bf783756e3b300bef132d6cf55f598:-1113787150,98bf783789e3b30014a2078681327194:-1464060531,4973e84ca63a33008dd272e36a4e1616:0,6643ec0c523a3300f3950ba24286d610:1111540196,2e43ec0cb13a3300fd3925c7140cc30c:-1464060531,1592e8c8d83a3300a7a0207ae5d7c1f0:0,c762ec88953a3300def70d20c60c08d6:1111540196,8f62ec88163a33005999c06ad6fd84d2:-1464060531,8730a408b63a33000c610fefad224aea:0,c0aa50c0b53a3300d1336e5a188227f2:-1113787150,84aa50c0373a33007c5e63115b7ffeee:-1464060531,c28fcdc64a227300cfd48db355c862f7:-1113787150,c28fcdc64a227300cfd48db355c862f7:-1113787150,868fcdc608227300b48ad5d49dfd0af3:-1464060531,8fd9a5f0cbea33006cf7c2fa5dae0271:0,e5b9a9b0a0ea3300bdb14fee3338e03e:1111540196,adb9a9b040ea33006362960fa64a9e3a:-1464060531,70b8e17027ea330047d13ec71d402343:0,9788a53084ea33004bcb1a135aef40a3:1111540196,5f88a5304eea3300009b820d45efb49f:-1464060531,5c466d7c1daa33003d367a81ef43889a:0,bfd2e1b8caaa33004d4025a21fcb8b06:-1113787150,73d2e1b86baa33007fa12182b1e97c03:-1464060531,d16195f48b6a3300700c3d77fd73ae10:0,973159b45b6a33001c9fd3b907fdab55:1111540196,973159b41e6a33006405b09704903145:-1464060531,c9015d74216a3300cdb0c316aa494fa7:0,7bd011747d6a3300cc27f62383e7fdc8:1111540196,33d01174026a33004972e1a75045cec5:-1464060531,03ffc9f01b6a3300697f165c177cd65f:0,11af89b0096a33005f9eb04d25c3ade0:-1113787150,d1af89b0446a3300f6717c0fa8f948dc:-1464060531,969d0815271a33009575a61862a84d3d:0,516d88d15b1a3300adee103ac32f3994:1111540196,196d88d10c1a3300f109c84d0240fc90:-1464060531,cce8c0dd64d63300a18b5df288e65461:0,68b8449db2d6330008d770aad9b45ff6:1111540196,20b8449d4ed6330017b77031536d66f3:-1464060531,8a78485d34d63300f3ceac66e79a6b12:0,e7c7041d7fd633001a3376ee028be81c:-1113787150,67c7c01da0d63300c0f8f8918af2abf3:-1464060531,65d7937bfd413300d14d2428734c29be:0,92a7573b3041330059660b9aa5626c22:1111540196,5aa7573b92413300f016bc5ed35b501e:-1464060531,b5775bf75f413300e9108f49cda494f0:0,9a471fb73f413300123f8296dcd48bd9:1111540196,52471fb76a41330052fd838b9a9789d6:-1464060531,f8555b3773413300628871041f4d02c2:0,40f41bf3a8413300f317ed9597015c57:-1113787150,04f41bf333413300361e32ff59ef0553:-1464060531,207b8bf72701330075a06757c057026d:0,994b4fb762013300a12567d8dd73ed55:1111540196,514b4fb7490133002e43b69f0662a652:-1464060531,cc1b43b748013300c98f19f9f2f6b66d:0,40ea07771a0133004a1ccb362810b4d1:1111540196,88ea0777d40133006b8cd3b7f3b1dfcd:-1464060531,054f79ef3705330089651c3539fbab51:0,3d5e7d6fd8053300c519f3bb42490981:-1113787150,395e7d6f0c05330037387b4993a0a671:-1464060531,3107b5e3f50533007afd453de45309c8:0,eed6b9a3ce0533007ad3a3afe66a321f:1111540196,a6d6b9a3bd05330080d73f4bec16fb1c:-1464060531,51863d632905330037fcd90ac85cb282:0,2156fd239b05330063e6f21320a6d29c:1111540196,e556fd23fb0533005e7f27e88920d998:-1464060531,6426b1236e0533000093c0a5c29bfafe:0,7195396fbac13300e10115ff33daa7b4:-1113787150,7d95396ff2c13300248b271721619da3:-1464060531,054117117a143300718c288194f3c30c:0,a11197dd87d033005bb45c353ce9392e:1111540196,691197dde3d03300fdaec1476d939b2a:-1464060531,9bb05b9d4fd033004518cf445978a22f:0,6f80db5deed0330052d06a8868432275:1111540196,2780db5d9ed03300f6f07be6ef3b1972:-1464060531,42201f1df2d03300790bb10eefe92a87:0,78e822af171323006cee800839c44a19:-1113787150,3ce822af001323006aa55cc6cd2ca215:-1464060531,3ffb14a008a62300d111e59098a4ed49:0,63cbd460b9a62300717ee7c4fdaac62b:1111540196,63cbd460b3a62300d3a6dc557e1d341b:-1464060531,7eea186c956623003115f87e441ee5a0:0,ff9a182c5e66230090b650d8f411d5cd:-1113787150,b39a182cd7662300266a4e624175b8ca:-1464060531,863b0d96c2422300121d9c5fc1247dce:0,0c1b01963c422300568a80568c4efc3b:1111540196,041b01962a422300966587c7dded7f38:-1464060531,cbea8556274223001aecd1b8c844f39f:0,45ca89163c422300a394df462b03a3db:1111540196,4dca89169e4223000e57066ff9a2ead7:-1464060531,cc9acdd21a4223000ba55c04ef1fb9b9:0,a3ad47e959822300892d7b81033ab8dd:-1113787150,a7ad47e910822300f9ab0dd553bb73d9:-1464060531,5a7687a131822300c858045cae8bcd76:0,c0568b618882230020dd2e528185263d:1111540196,c8568b6187822300e15f0de93fb8a439:-1464060531,29b58b21c482230055ac56fc12a266bb:0,9f858bed7d4223002f9d4d0c323f0044:1111540196,97858bede9422300fc044772ca96f541:-1464060531,ae55cfad4e4223006ac6d13b57d12175:0,1e540b6d27422300068ad121b8a44bd5:-1113787150,02540b6de3422300ad79bf0c113c85d2:-1464060531,06eb777ca1612300613659181f257957:0,febb7b3cc16123004bbd066a417a44e0:1111540196,7ebb7b3c29612300a21662811fbcbcdd:-1464060531,607bbff81461230084e5ee602a77a04a:0,074bf3f8e8612300cd7dcc2e94649940:1111540196,834bf3f876612300e0c5b60adf7f013d:-1464060531,b7dab7b828612300cea6741a3401c53a:0,6719f738bc612300ab0494ad22cdd4a4:-1113787150,2b19f73840612300127440b1cf3ae294:-1464060531,ec899250dca123008572d68e4da25031:0,46391610fba123009e5888eaa089e90a:-1113787150,ce3916103ea12300ecd5632e3dc4f306:-1464060531,73d4f0e5f60123009e0dd15dbb2cda28:0,9c896b26548313005a0915ee6f1322a8:-1113787150,14896b26918313005b51ec7071be61a5:-1464060531,446ff869704f13001e9af0eda124496b:0,f32f3069254f1300fbdded2dd7722c25:-1113787150,732f30693f4f1300760617f104a4a822:-1464060531,69ee7429564f1300c8db755edf1955bc:0,69beb8e5814f1300a4032d101ec20ef1:-1113787150,e5beb8e5064f1300d493c6047531f6ee:-1464060531,fe6eb0a5af4f130019a5af7baa99f789:0,8e8c3425404f1300a49c81bbe50abbf9:-1113787150,4a8c3425734f1300dc51d5d78da013f6:-1464060531,db377aa5db621300595908b6a1510325:0,9907be651362130086c486212fae8918:-1113787150,1907be657c6213004923f6ef7e278d15:-1464060531,a636fe25916213000b0306f2d0f5a950:0,b50636251062130027088bec9847907a:-1113787150,350636259b621300b4ac204b62fc1877:-1464060531,f386ae69682213006a5cef217baa35f4:0,0026226945221300476414a9fe2eb36f:-1113787150,c826226914221300d3e02ccc556d086b:-1464060531,a0748460bc521300ff0ef7314f3a0281:0,6844c820d65213004105c1b52b1142a9:-1113787150,e444c82064521300803614434c6f2da6:-1464060531,46630cec82121300e2fbecbd53f60fa5:0,313340ecfd1213001fd87721842fa5aa:-1113787150,bd3340ecd9121300890f4c68ba9924a6:-1464060531,682200aca0121300052cb2e02cd6688b:0,56518c2c94121300122b1f7ba9d0ce4e:-1113787150,12518c2c52121300968573b66af9b54b:-1464060531,e982d08630c2130026697d715207f96b:0,3952184694c2130090537e09fc1e1fec:-1113787150,b552184602c2130026629231b177cee9:-1464060531,7e1154066ec2130002b37008f5d334fa:0,7ae0d8c286c21300aad71202b40fce31:-1113787150,f6e0d8c2aec21300d7f74be746b8382e:-1464060531,ef8010c2ddc213006f20963d73a5a93a:0,c01e8c02ffc21300111198dc45b22574:-1113787150,8c1e8c022bc213002a51b802c7037d70:-1464060531,f51d52f1de611300f359980f399ceb49:0,89ec56b1e2611300428c47f5495ed4ca:-1113787150,c1ec56b1d06113001faf44212dfa8ebb:-1464060531,e9a79d9f49111300f5b665cac4137a26:0,8a77d19f8611130047bb1203a9cb3f49:-1113787150,8a77d19f6211130021f640c860e72b46:-1464060531,5556515ff51113002c3f1aae0e68eda5:0,8a26d51f89111300f541f3c86ea9147d:-1113787150,8a26d51f721113003a415debd03abe7a:-1464060531,f82595dba611130016776394b8cb788f:0,1c631d5b9c111300dece5b0809d7a893:-1113787150,58631d5bf31113004cca9a10b74efc90:-1464060531,b1b3704b76d11300a20b902f06496fc0:0,3c83b40ba8d11300ca41e73ac7f07bea:-1113787150,3c83b40b15d1130010b6826d918e5ae7:-1464060531,32437cc735d113002d4a4272f19796be:0,1313f0c7d2d113001143225dfd21f702:-1113787150,1313b0c705d11300786e7f3be25a38ff:-1464060531,e3efac07d3d11300a6fee6075fcf31b2:0,8837a0cf0e911300e3b193b130786e31:-1113787150,c437a0cf3a9113004e356cb5def2242e:-1464060531,09f3472af411130077f3d39ebad9fada:0,49c30fe6a9111300e8256ad268aa3e05:-1113787150,4dc30fe605111300265543690ca87402:-1464060531,a683c3e69211130026db1f31a0506f47:0,38530ba61d111300416c22e0a9ee54ed:-1113787150,3c530ba64a111300712e82993d85d5ea:-1464060531,4e03cf66bb111300ee47d0576f7adf07:0,3503cf66871113004f4c5ee557af0302:-673866677</update_guid_history>
    </sys_update_version>
    <sys_metadata_delete action="INSERT_OR_UPDATE">
        <sys_audit_delete/>
        <sys_class_name>sys_metadata_delete</sys_class_name>
        <sys_created_by>admin</sys_created_by>
        <sys_created_on>2020-01-15 11:26:41</sys_created_on>
        <sys_db_object display_value="" name="sys_choice_set">sys_choice_set</sys_db_object>
        <sys_id>a7258e2e4f1e0c10dc212f9ca310c71b</sys_id>
        <sys_metadata>a7258e2e4f1e0c10dc212f9ca310c71b</sys_metadata>
        <sys_mod_count>0</sys_mod_count>
        <sys_name>price_type</sys_name>
        <sys_package display_value="Hotel Booking Management" source="sn_hbm">d9777b1153022200dd9e09da43dc3440</sys_package>
        <sys_parent/>
        <sys_policy/>
        <sys_scope display_value="Hotel Booking Management">d9777b1153022200dd9e09da43dc3440</sys_scope>
        <sys_scope_delete display_value="">043564813fcc4dfcb55dae5395f40410</sys_scope_delete>
        <sys_update_name>sys_choice_sn_hbm_hotel_service_price_type</sys_update_name>
        <sys_update_version display_value="sys_choice_sn_hbm_hotel_service_price_type">2505c22e4f1e0c10dc212f9ca310c78c</sys_update_version>
        <sys_updated_by>admin</sys_updated_by>
        <sys_updated_on>2020-01-15 11:26:41</sys_updated_on>
    </sys_metadata_delete>
</record_update>
